score_max_nrmse,alpha,beta,delta,rho,gamma,sigma_eps,ti_k_oob_frac,ti_a_oob_frac,nn_k_oob_frac,nn_a_oob_frac,mean_nrmse,nrmse_c,nrmse_k,nrmse_y,nrmse_i,nrmse_A
12.149739761023746,0.2594765999074044,0.9688467281493284,0.04257211270280233,0.8520264267506094,1.5945978968776842,0.006464836472296522,0.0,0.0,0.0,0.0,4.746833441337268,3.267819445532191,12.149739761023746,3.8981418876867777,4.4184661124436255,0.0
10.966781558865701,0.39751659457012845,0.9773533878891015,0.08088637281126437,0.8591894343101285,1.2437625080480945,0.008591630858426543,0.0,0.0,0.0,0.0,4.55803415514404,2.474786935411024,10.966781558865701,4.0989853499112066,5.249616931532266,0.0
10.18217907933304,0.38153465995628666,0.9887203701252437,0.08062703749287459,0.8727625591720324,3.834272860871983,0.01457868596214596,0.0,0.0,0.0,0.0,5.062122391225235,3.645347895377312,10.18217907933304,5.230307359987623,6.252777621428198,0.0
8.536394739375105,0.4292806431369006,0.9778221225984397,0.048358573522498435,0.9523052710919755,3.5314460075838503,0.017503938063451754,0.0,0.0,0.885,0.0,5.237248550510536,5.081362796008824,8.536394739375105,5.807508636422745,6.760976580746007,0.0
6.774472331337616,0.35690474364796476,0.9774479478944222,0.034011598676169215,0.9631661169566658,2.465861900821583,0.03984022026386025,0.0,0.0,0.845,0.0,3.016970723313077,2.8427473226815914,6.774472331337616,2.641420762573967,2.826213199972213,0.0
5.011479318599666,0.23788468825482673,0.9785945653909246,0.04328647847341419,0.9282949547987132,0.6060313156431452,0.02429628140084088,0.0,0.0,0.0,0.0,2.0013207224778324,0.9576192586166826,5.011479318599666,1.4792206241141543,2.5582844110586573,0.0
4.5780732382867475,0.39926088829586615,0.9778699541559362,0.058926926432869446,0.8600081529272755,2.3446472941060392,0.031245728456797614,0.0,0.005,0.1,0.005,2.309478807764908,2.101342632721923,4.5780732382867475,2.345766902207331,2.5222112656085405,0.0
4.443562208070574,0.302147744998029,0.9520916146966123,0.02914558752584429,0.9354202759622425,2.2093434092112836,0.038474559829384546,0.0,0.0,0.0,0.0,1.7747002557808584,1.6328096874091917,4.443562208070574,1.5107268514294274,1.2864025319950994,0.0
2.3919114837320747,0.41464935538983855,0.9144748237976095,0.06684598092093497,0.9803511089456464,2.7417847789140315,0.01678104599406949,0.0,0.0,0.33,0.0,1.2339352904055871,0.6061057754950369,2.3919114837320747,0.9678735684466062,2.203785624354218,0.0
2.213720998345696,0.37202460339546173,0.9134147387119826,0.11622014654473992,0.884124314639857,1.5261344905737086,0.015341964703021268,0.0,0.0,0.0,0.0,0.9685348546159597,0.5326611216814119,2.213720998345696,0.8159344620417167,1.280357691010974,0.0
2.098074035226292,0.315510955512445,0.9469740180072939,0.055365817910954504,0.9205489522069122,1.1304233143041975,0.03468372567839128,0.0,0.0,0.0,0.0,0.7966123358231392,0.5025848623862484,2.098074035226292,0.6271223707516379,0.7552804107515175,0.0
1.770461795618301,0.4401384320937576,0.9489134482740095,0.10832513929323728,0.8713216909849069,2.9089073697243997,0.011526100319810148,0.0,0.0,0.0,0.0,0.9184265597205746,0.5562466456076167,1.770461795618301,0.9171988568819482,1.3482255004950068,0.0
1.6746258228210649,0.24481026943229184,0.9706206125969302,0.13640512735957228,0.8553877155083108,2.112570141253041,0.019188736709564214,0.0,0.0,0.0,0.0,0.7299824948647882,0.20620484571401926,1.6746258228210649,0.5372051712694966,1.2318766345193601,0.0
1.5815007446282643,0.2599046384965471,0.9376905410930628,0.03859230174230887,0.9140900297596067,2.7843442899285424,0.022722356810197644,0.0,0.0,0.0,0.0,0.6077199773374652,0.47648301613490723,1.5815007446282643,0.4722831838389354,0.5083329420852187,0.0
1.5688983175865905,0.39978128215502073,0.9466348533167442,0.05010223122621878,0.9196904555896911,1.080663976342606,0.0312226088276894,0.0,0.0,0.0,0.0,0.7263140150564764,0.527198628493465,1.5688983175865905,0.6736672092140882,0.8618059199882384,0.0
1.4870921652473688,0.3705879658120359,0.9048438916922,0.04864678346043948,0.8746268261519042,1.145301337445344,0.041544252799509816,0.0,0.0,0.045,0.0,0.5815195594210157,0.4671100172420326,1.4870921652473688,0.47002162833594124,0.4833739862797363,0.0
1.1902305131325732,0.40606039902435287,0.9192386667037586,0.11639071679051226,0.9798370161935234,2.704790716063883,0.015435868487288848,0.0,0.0,0.0,0.0,0.610916345832103,0.3130954611849159,1.1902305131325732,0.5077100320355213,1.0435457228075042,0.0
1.0571897506916947,0.23625502147639085,0.9636773402358412,0.07712082965756632,0.9073067752773525,3.7070334645147267,0.006247175314406733,0.0,0.0,0.0,0.0,0.5096699568505202,0.3150594694747225,1.0571897506916947,0.3828770099499968,0.7932235541361873,0.0
1.0183020223916823,0.43083624950676414,0.9248916958017396,0.12656809300709027,0.9218158637321344,3.6146244258891507,0.016023407048095843,0.0,0.005,0.0,0.005,0.5754291581391486,0.3770112353553456,1.0183020223916823,0.5796352387775748,0.9021972941711404,0.0
0.9491069114747213,0.33771951185541527,0.9197111274543909,0.09044437958137874,0.8616657824094758,1.3559494329162287,0.039036294128455364,0.0,0.0,0.0,0.0,0.37665290824934605,0.23017973528689906,0.9491069114747213,0.29817624564223655,0.4058016488428735,0.0
0.8489951833309364,0.2661243871252785,0.9282276393337789,0.1484845715551891,0.9117836934157353,1.9019524105831487,0.04642694284720061,0.0,0.0,0.0,0.0,0.37739367688446634,0.14099470578249068,0.8489951833309364,0.27699203662667465,0.6199864586822298,0.0
0.8265805163101881,0.2038233124231032,0.9314256316617991,0.10571030245530588,0.9412826373817322,1.428256462676734,0.04673660884805859,0.225,0.0,0.065,0.0,0.42146945375247213,0.2245014077764874,0.7867281366606961,0.2695372080149888,0.8265805163101881,0.0
0.8140477906038412,0.4030280276283941,0.9718959238253203,0.10518707301144027,0.8692744250639176,1.3004620917146188,0.02409670125171551,0.0,0.0,0.0,0.0,0.38316328407483063,0.1737943563066732,0.8140477906038412,0.35728717717766206,0.5706870962859766,0.0
0.7962664083386871,0.27609027419561405,0.9756739945958725,0.14356186209251093,0.9756875604496761,1.6160610255703407,0.0201888072774654,0.0,0.0,0.0,0.0,0.35956005703692717,0.06763519004605044,0.7962664083386871,0.23505553214826655,0.6988431546516319,0.0
0.7272012664354857,0.28537801044476896,0.9365351432440626,0.1369295644879416,0.9214297121405284,3.903784194852595,0.036353492480953264,0.08,0.0,0.0,0.0,0.36973082004119806,0.1895147178674531,0.7272012664354857,0.3161536742426312,0.6157844416604205,0.0
0.6203607284910168,0.31733769704199066,0.9561202561942295,0.14299474473139645,0.9179897964311996,2.023641280579204,0.028360181479077304,0.0,0.0,0.0,0.0,0.2881029373275092,0.0941570595634666,0.6203607284910168,0.2347691830593431,0.49122771552371963,0.0
0.5976893174737278,0.24608449685711994,0.9013405425084209,0.08124731975575991,0.9786040688482961,3.0488516486414157,0.03314903025809589,0.0,0.0,0.0,0.0,0.26199601137015505,0.11807384182547845,0.5976893174737278,0.15603597151910115,0.43818092603246783,0.0
0.5640127382886893,0.20212404157297217,0.9238465693486162,0.13925213969949835,0.969660198590846,0.7813570073643106,0.01151048288171135,0.0,0.0,0.0,0.0,0.24631630890320624,0.07443257442850063,0.5640127382886893,0.1135853320927996,0.4795508997060416,0.0
0.5626988157651088,0.30745758010856167,0.9272521919450146,0.020765704331271066,0.8608606358278007,3.1476763955108504,0.02704946169465112,0.0,0.01,0.0,0.01,0.24778053533108224,0.261608280020558,0.5626988157651088,0.2256237340607595,0.1889718468089849,0.0
0.5613837824409749,0.31653468964610854,0.918639860459898,0.1399528518031711,0.8688867915486579,3.810498138299095,0.045483734019563696,0.035,0.005,0.02,0.005,0.32370939914969604,0.2908546912528968,0.5308344818061821,0.23547404024842628,0.5613837824409749,0.0
0.5208648037304459,0.2774214980348252,0.915930981240592,0.05484400235895059,0.9891701184599162,3.4832403342701705,0.021680341041388284,0.07,0.0,0.125,0.0,0.26174193398787227,0.30030602425019326,0.3519582132893908,0.13558062866933132,0.5208648037304459,0.0
0.5200958363093796,0.2926627912918913,0.9295699578733033,0.09964341733635963,0.9549500346847272,2.406503900670726,0.01827294284417181,0.0,0.0,0.0,0.0,0.23857621384449718,0.10382008977177598,0.5200958363093796,0.1761126623287901,0.3928524808125401,0.0
0.519163601544467,0.32487168757575435,0.9682929288903481,0.09359158122247345,0.9054616222184393,2.0310412654504066,0.006000587956394548,0.0,0.0,0.0,0.0,0.2710278325072072,0.2102685672260819,0.519163601544467,0.19148915266313354,0.4342178411023537,0.0
0.517570416251551,0.34396827100924166,0.9384568894154656,0.12856330515011405,0.8872517476815784,2.6577193799356644,0.041495995009313745,0.085,0.0,0.075,0.0,0.27802919929546616,0.19475598263054453,0.46056392761949905,0.21725566997573637,0.517570416251551,0.0
0.41380034065645965,0.25718861335556686,0.919657640777736,0.14413687766519198,0.8548071587562107,3.037125269574837,0.049172766538623465,0.0,0.0,0.0,0.0,0.1812922232832,0.09114993118606582,0.41380034065645965,0.14378252169073294,0.25772832288274145,0.0
0.4110812689550261,0.40116828437955376,0.9413113599372405,0.10990388385100353,0.9360833761538186,3.2369617698263373,0.04826259026466946,0.0,0.0,0.0,0.0,0.21241383289221258,0.13844739825981692,0.4110812689550261,0.18700423195795765,0.3255362652882621,0.0
0.35602798756794046,0.27303729170960267,0.9115357898898222,0.03534996973032237,0.8623819520186377,3.1580752697981316,0.0393418284622852,0.0,0.0,0.015,0.0,0.1543803424566704,0.1410855281127598,0.35602798756794046,0.14070812147028275,0.13408007513236903,0.0
0.35278320370301003,0.32417546044883516,0.9421481280983919,0.03659974197602211,0.8504453553010636,1.4014687671833332,0.02214804865171186,0.0,0.01,0.0,0.01,0.1675712022760148,0.1778619485244728,0.35278320370301003,0.10942076031486364,0.19779009883772755,0.0
0.34554881338850607,0.23424738825567215,0.9242414031752343,0.1210586135436529,0.9090511014058332,1.3033410307860378,0.025616144073840774,0.0,0.0,0.0,0.0,0.1423929346513058,0.050730841067385624,0.34554881338850607,0.09244971537024019,0.22323530343039705,0.0
0.06568064369923082,0.31543772719089114,0.9301489698296425,0.06750703164999936,0.9529456839657209,2.905107230661928,0.019266691518962157,0.0,0.0,0.0,0.0,0.032023360720637696,0.02117509016564738,0.06568064369923082,0.02274764732584797,0.050513422412462296,0.0
