t,consumption_nn,consumption_ti,consumption_diff,capital_nn,capital_ti,capital_diff,output_nn,output_ti,output_diff,investment_nn,investment_ti,investment_diff,productivity_nn,productivity_ti,productivity_diff,hours_nn,hours_ti,hours_diff
0,0.5960429009383537,0.5950866911713134,0.0009562097670402503,2.0137648459757047,2.0137648459757047,0.0,0.6886323739571355,0.6899009473658068,-0.0012685734086712586,0.09258947301878184,0.09481425619449335,-0.002224783175711509,1.0,1.0,0.0,0.3328033685684204,0.33383254157563913,-0.00102917300721872
1,0.5932294045635703,0.5924126492676454,0.0008167552959249536,2.0126184607860687,2.01484324396178,-0.002224783175711398,0.6811638603852832,0.6826389115018777,-0.0014750511165945168,0.08793445582171289,0.09022626223423236,-0.0022918064125194704,0.9878233102903617,0.9878233102903617,0.0,0.33368489146232605,0.33464739925986187,-0.0009625077975358165
2,0.6004576721982291,0.6000579782873623,0.00039969391086680517,2.00687041984313,2.011283451182879,-0.004413031339749018,0.7021977984271878,0.7035501307419452,-0.0013523323147573985,0.10174012622895867,0.10349215245458288,-0.0017520262256242036,1.0230241502350814,1.0230241502350814,0.0,0.33176079392433167,0.3323383327632239,-0.000577538838892222
3,0.5974999265070542,0.5971367680440235,0.00036315846303069943,2.0151956066401024,2.0211552483244906,-0.005959641684388117,0.692366728107792,0.6939314183757341,-0.0015646902679421482,0.0948668016007378,0.09679465033171064,-0.0019278487309728476,1.0060044629081875,1.0060044629081875,0.0,0.3323206603527069,0.33291470781761945,-0.0005940474649125393
4,0.5840360040572106,0.5835931786227112,0.00044282543449936096,2.0162599516016093,2.0238700351841827,-0.007610083582573424,0.6559305948473475,0.6578093233750956,-0.0018787285277480636,0.07189459079013694,0.07421614475238436,-0.0023215539622474246,0.9459914472911102,0.9459914472911102,0.0,0.33637842535972595,0.3371345811643195,-0.000756155804593539
5,0.5807700291671718,0.580501229222553,0.00026879994461881385,1.9943025430819319,2.0038799497357545,-0.009577406653822562,0.651523016840568,0.6535212040312047,-0.0019981871906367132,0.07075298767339622,0.07301997480865174,-0.002266987135255527,0.9406667421565349,0.9406667421565349,0.0,0.3382602334022522,0.33890043568858164,-0.0006402022863294388
6,0.5799794977618291,0.579876345671734,0.00010315209009514881,1.9722255954346324,1.9836241842262199,-0.011398588791587505,0.6535922452452795,0.6557192945943063,-0.002127049349026855,0.07361274748345037,0.07584294892257237,-0.0022302014391220037,0.9460691503951992,0.9460691503951992,0.0,0.33936330676078796,0.33988824319038885,-0.0005249364296008863
7,0.6010774446746353,0.6016266208688921,-0.0005491761942567619,1.9540360358423021,1.9671342494742197,-0.013098213631917544,0.7143121631747651,0.7160883185830091,-0.0017761554082440512,0.11323471850012978,0.11446169771411707,-0.0012269792139872893,1.0486657292873773,1.0486657292873773,0.0,0.333505243062973,0.33338490254728254,0.00012034051569048687
8,0.6049482501205858,0.6056463051299885,-0.0006980550094026761,1.9763151270476729,1.9900306298901802,-0.013715502842507332,0.7207982036555418,0.7224814943806754,-0.0016832907251336238,0.11584995353495597,0.11683518925068692,-0.0009852357157309477,1.0570410299317092,1.0570410299317092,0.0,0.33155542612075806,0.33129912176191617,0.0002563043588418856
9,0.6073750594198103,0.6081426812480688,-0.0007676218282585134,2.000172415751728,2.0142347309944184,-0.014062315242690193,0.7229566916224666,0.7245882661447977,-0.0016315745223310918,0.11558163220265627,0.11644558489672885,-0.0008639526940725784,1.0580424156736665,1.0580424156736665,0.0,0.3299995958805084,0.3296810627508017,0.00031853312970669956
10,0.6140821673312469,0.6150896569387617,-0.0010074896075148443,2.022650884330306,2.0369225856773774,-0.014271701347071453,0.7376586242300822,0.7390144007107193,-0.0013557764806371164,0.12357645689883534,0.12392474377195761,-0.00034828687312227213,1.0799537329849138,1.0799537329849138,0.0,0.32730889320373535,0.32675814536428976,0.0005507478394455867
11,0.6137106105894589,0.6146033482285428,-0.0008927376390839292,2.0520778595368756,2.066033534753227,-0.013955675216351437,0.7307990165132615,0.732200007590265,-0.0014009910770035328,0.11708840592380265,0.11759665936172226,-0.0005082534379196035,1.0654657799664355,1.0654657799664355,0.0,0.3263927102088928,0.3259426494956199,0.0004500607132729151
12,0.6097043246469149,0.6103689509306324,-0.0006646262837174399,2.0736470296082,2.0874613555067687,-0.013814325898568569,0.7151319229657932,0.7167497339731103,-0.0016178110073170604,0.10542759831887827,0.10638078304247789,-0.0009531847235996205,1.0375727573879825,1.0375727573879825,0.0,0.32673951983451843,0.3265081233775089,0.00023139645700953615
13,0.6105301798311787,0.6112351786519771,-0.0007049988207983304,2.082551399641462,2.096675886975057,-0.014124487333594615,0.7157346609079858,0.7173460871747117,-0.001611426266725946,0.10520448107680702,0.10611090852273464,-0.0009064274459276156,1.0376757977359619,1.0376757977359619,0.0,0.32619860768318176,0.32593526046946675,0.000263347213715015
14,0.6138962355181675,0.6147424346340499,-0.0008461991158823512,2.0908181756537276,2.105191629883864,-0.014373454230136584,0.7237213407589499,0.7252001458214227,-0.0014788050624727767,0.10982510524078237,0.1104577111873728,-0.0006326059465904255,1.0498879093406914,1.0498879093406914,0.0,0.3249950706958771,0.3245994331854519,0.00039563751042515083
15,0.6177512067381629,0.6187313677469213,-0.0009801610087584178,2.103320777502758,2.1176577883262926,-0.01433701082353478,0.7323571273764109,0.7336562718823884,-0.0012991445059774565,0.11460592063824804,0.11492490413546708,-0.0003189834972190386,1.0627156690810518,1.0627156690810518,0.0,0.3235314190387726,0.3230044726743106,0.0005269463644619887
16,0.6179233730304248,0.6188386426124436,-0.0009152695820188184,2.1200222290264445,2.134010870345991,-0.013988641319546247,0.729576170337978,0.7308749511476942,-0.0012987808097162379,0.11165279730755318,0.1120363085352506,-0.0003835112276974195,1.05650774230362,1.05650774230362,0.0,0.32291296124458313,0.3224377207884466,0.00047524045613650534
17,0.6218724001437677,0.622912125992728,-0.0010397258489603933,2.1329931452514863,2.1467141605510625,-0.013721015299576145,0.738479924670355,0.7395687735728128,-0.0010888489024578618,0.11660752452658729,0.11665664758008476,-4.912305349746848e-5,1.069679887696619,1.069679887696619,0.0,0.32144051790237427,0.32083889029635965,0.0006016276060146208
18,0.6164324272937323,0.6171297705525066,-0.0006973432587743522,2.1503150240769995,2.163446482523049,-0.013131458446049571,0.7193426113659744,0.7207258621992796,-0.0013832508333051496,0.10291018407224217,0.10359609164677297,-0.0006859075745307974,1.036991115613155,1.036991115613155,0.0,0.322257399559021,0.3219666139915959,0.0002907855674251225
19,0.6153750522171704,0.6160275504899891,-0.0006524982728187689,2.1531332710975484,2.16633939964945,-0.013206128551901841,0.7157586812906084,0.7172033438600925,-0.0014446625694841675,0.10038362907343801,0.1011757933701034,-0.0007921642966653986,1.0309410836267454,1.0309410836267454,0.0,0.32243454456329346,0.32218928421885346,0.00024526034444000144
20,0.6176414106867152,0.6184067359643579,-0.0007653252776427255,2.153293780571518,2.166677360239499,-0.013383579667980872,0.7222389592291266,0.7235797096807438,-0.0013407504516171898,0.10459754854241143,0.1051729737163859,-0.0005754251739744642,1.041386132893086,1.041386132893086,0.0,0.321841299533844,0.3214915312848057,0.00034976824903831805
21,0.6140444146074319,0.6146429394372298,-0.0005985248297979417,2.15766073818864,2.1709967699319304,-0.013336031743290455,0.7110703830197792,0.7125931488394581,-0.0015227658196789173,0.09702596841234734,0.09795020940222832,-0.0009242409898809756,1.022963144889307,1.022963144889307,0.0,0.3226231038570404,0.32243389140493045,0.00018921245210995474
22,0.6146187205786685,0.615276045486075,-0.0006573249074064424,2.154252844414498,2.1678923572893125,-0.013639512874814574,0.7133758923011138,0.7148825763517893,-0.0015066840506755552,0.09875717172244525,0.09960653086571436,-0.0008493591432691128,1.0269933996527676,1.0269933996527676,0.0,0.32259252667427063,0.3223547234873562,0.00023780318691440927
23,0.6019630839032781,0.6022306624391038,-0.0002675785358257077,2.1527347831212036,2.1665887689720065,-0.013853985850802886,0.6782110453832771,0.6801673693539211,-0.001956323970643936,0.07624796147999902,0.07793670691481724,-0.0016887454348182285,0.9704928560111389,0.9704928560111389,0.0,0.3260319232940674,0.32619015543888336,-0.00015823214481597292
24,0.5939382597852728,0.5942086836533873,-0.0002704238681144888,2.1287781736483273,2.1436760355710094,-0.014897861922682054,0.6611049226949643,0.663199521089857,-0.002094598394892677,0.06716666290969153,0.06899083743646972,-0.0018241745267781884,0.9448603625673195,0.9448603625673195,0.0,0.3291873633861542,0.32937869374897794,-0.0001913303628237606
25,0.5953841674783247,0.595783775549326,-0.0003996080710013672,2.0968553875386657,2.1128839647316573,-0.016028577192991555,0.6709220368576734,0.6731093537861389,-0.0021873169284655214,0.0755378693793487,0.07732557823681285,-0.0017877088574641542,0.9634671040214099,0.9634671040214099,0.0,0.32992950081825256,0.330028556906314,-9.905608806143329e-5
26,0.5922088882057628,0.5926773312437444,-0.00046844303798165843,2.074789735989209,2.091859930736081,-0.01707019474687188,0.6665660406257065,0.6688518527150453,-0.002285812089338868,0.07435715241994367,0.07617452147130088,-0.0018173690513572094,0.9582864381217,0.9582864381217,0.0,0.33167824149131775,0.33174149909069345,-6.325759937569897e-5
27,0.5884200512686288,0.5889568873517128,-0.0005368360830839691,2.0525704699193685,2.070663457649006,-0.01809298772963741,0.6606695952594225,0.6630470730447932,-0.002377477785370674,0.07224954399079364,0.07409018569308035,-0.001840641702286705,0.9505870652510346,0.9505870652510346,0.0,0.333648681640625,0.33367509366260434,-2.641202197933845e-5
28,0.591891913319182,0.5925835091324937,-0.0006915958133116851,2.0292778482418923,2.048369293078241,-0.019091444836348614,0.6743328296704911,0.6767712903487569,-0.002438460678265808,0.08244091635130912,0.08418778121626325,-0.001746864864954123,0.9750530335783973,0.9750530335783973,0.0,0.33346280455589294,0.33336614418304306,9.666037284988827e-5
29,0.6024078614412571,0.6034984767631875,-0.0010906153219303327,2.017260813840703,2.037210463195317,-0.019949649354614074,0.7056077113338788,0.707817404390853,-0.002209693056974271,0.10319984989262165,0.10431892762766559,-0.0011190777350439385,1.0275953562897788,1.0275953562897788,0.0,0.33081597089767456,0.33034550860198036,0.0004704622956941962
30,0.5991063127954567,0.6000829859923363,-0.0009766731968796627,2.0265620767193315,2.0467021961282326,-0.020140119408901036,0.6945944695659052,0.6969311041583194,-0.0023366345924141774,0.09548815677044853,0.09684811816598304,-0.0013599613955345147,1.008559229528106,1.008559229528106,0.0,0.33143216371536255,0.3310786787642828,0.00035348495107973
31,0.5954739458315029,0.5963831042402168,-0.0009091584087138616,2.0277186952997384,2.048281302505414,-0.020562607205675487,0.6843648189749699,0.686821165250087,-0.0024563462751170384,0.088890873143467,0.09043806100987017,-0.0015471878664031768,0.9916570940134943,0.9916570940134943,0.0,0.33245304226875305,0.3321783562494993,0.0002746860192537337
32,0.6071785730451803,0.608545703959063,-0.0013671309138827414,2.0222241924699333,2.0433768481633607,-0.02115265569342739,0.7180611852309675,0.7201613500547938,-0.002100164823826245,0.11088261218578721,0.11161564609573071,-0.0007330339099435035,1.0476130357295874,1.0476130357295874,0.0,0.3292711079120636,0.3285633138035144,0.000707794108549209
33,0.6140781205726927,0.6156615320693836,-0.0015834114966908341,2.0389771844322864,2.059878269334283,-0.020901084901996825,0.7344313611974111,0.7362234832405601,-0.001792122043148936,0.12035324062471842,0.12056195117117652,-0.00020871054645810183,1.0728445043021035,1.0728445043021035,0.0,0.32674530148506165,0.32582441242783877,0.0009208890572228734
34,0.6234951041532079,0.6253589849373936,-0.0018638807841857563,2.0644209937834934,2.0845578945393575,-0.02013690075586405,0.7566662495026505,0.7579595446410045,-0.001293295138353967,0.13317114534944263,0.13260055970361084,0.0005705856458317893,1.1067616983472883,1.1067616983472883,0.0,0.32330548763275146,0.3221072939285167,0.0011981937042347401
35,0.6264945499445966,0.6282707374692578,-0.0017761875246611325,2.1014983603868815,2.1201273517186285,-0.018628991331747002,0.7581557594102846,0.7592318360251522,-0.0010760766148676382,0.13166120946568793,0.13096109855589444,0.0007001109097934943,1.1051229993164096,1.1051229993164096,0.0,0.3212822377681732,0.3201273199847622,0.0011549177834110358
36,0.6227932229418377,0.6241724495824224,-0.001379226640584652,2.1353399298245375,2.1524016759862388,-0.017061746161701308,0.7407017366705427,0.7419394402215657,-0.0012377035510229284,0.11790851372870503,0.11776699063914331,0.00014152308956172366,1.0730532874242023,1.0730532874242023,0.0,0.3211231827735901,0.3202918967678507,0.0008312860057393956
37,0.6185489573206306,0.619599499173167,-0.0010505418525363908,2.153853560735221,2.169979600999871,-0.0161260402646497,0.7247483952358833,0.7261966916074266,-0.0014482963715433117,0.10619943791525266,0.10659719243425958,-0.00039775451900692094,1.0453853343213444,1.0453853343213444,0.0,0.3215879499912262,0.3210399367745315,0.0005480132166946761
38,0.6273317234771093,0.6287504913096891,-0.0014187678325797703,2.159796351319364,2.17556951813038,-0.015773166811015926,0.7491823846161949,0.7501235652831487,-0.0009411806669538114,0.1218506611390856,0.12137307397345964,0.00047758716562595893,1.084341350984586,1.084341350984586,0.0,0.31914666295051575,0.3182464467509389,0.0009002161995768643
39,0.6314599259010143,0.6329199178353867,-0.0014599919343724066,2.181113742672304,2.1956751197465003,-0.014561377074196358,0.7571658559378456,0.7578239194721222,-0.000658063534276665,0.12570593003683128,0.12490400163673554,0.0008019284000957416,1.095110573425708,1.095110573425708,0.0,0.31741130352020264,0.316444165511308,0.0009671380088946413
40,0.6273435167729382,0.6284061725277839,-0.0010626557548456539,2.20529413017713,2.2183757821464796,-0.013081651969349739,0.7402878383164514,0.7411657488082822,-0.0008779104918308356,0.1129443215435132,0.11275957628049837,0.0001847452630148183,1.065494575254346,1.065494575254346,0.0,0.31763482093811035,0.3169939896130905,0.0006408313250198527
41,0.6242203978903088,0.625033091646905,-0.0008126937565962056,2.215587370931722,2.2278753585397917,-0.012287987608069706,0.7291234184980537,0.7301676515184088,-0.0010442330203550565,0.10490302060774492,0.10513455987150377,-0.00023153926375885092,1.046623380512761,1.046623380512761,0.0,0.3180576264858246,0.31762949149522857,0.00042813499059601856
42,0.6193669112737222,0.6199247468445155,-0.0005578355707932525,2.2173601854158247,2.229307736336043,-0.011947550920218486,0.7147095916195667,0.7160026878224947,-0.0012930962029279458,0.09534268034584448,0.09607794097797917,-0.0007352606321346933,1.0234137649610067,1.0234137649610067,0.0,0.3191991448402405,0.319004830344502,0.00019431449573847903
43,0.620330796746994,0.6209651625660476,-0.0006343658190536283,2.209490139433425,2.2216168215344005,-0.012126682100975561,0.7190211242511235,0.7202593636684166,-0.0012382394172930633,0.09869032750412954,0.09929420110236897,-0.000603873598239435,1.0310112246099283,1.0310112246099283,0.0,0.31922829151153564,0.3189658479590629,0.0002624435524727353
44,0.6312541063902604,0.6324315618296114,-0.001177455439350994,2.205334072118063,2.2175001602448963,-0.012166088126833063,0.7518103434584008,0.7523901268131065,-0.0005797833547056541,0.12055623706814045,0.11995856498349511,0.0005976720846453398,1.0840273061990275,1.0840273061990275,0.0,0.31667372584342957,0.3159036199040419,0.0007701059393876442
45,0.6368023592917752,0.6381084093842129,-0.0013060500924376717,2.2232373691970295,2.2342394834121264,-0.011002114215096892,0.7647515458608731,0.7649503540310847,-0.00019880817021156183,0.12794918656909793,0.12684194464687182,0.0011072419222261098,1.1031072894367042,1.1031072894367042,0.0,0.31474214792251587,0.31382784916707407,0.0009142987554418003
46,0.6369335551529886,0.6380511948656872,-0.001117639712698626,2.2477002608200376,2.25708301144184,-0.009382750621802494,0.7603744681866708,0.7605201026885551,-0.00014563450188431748,0.12344091303368221,0.1224689078228679,0.0009720052108143085,1.0936313199113457,1.0936313199113457,0.0,0.313933789730072,0.31314943657225264,0.0007843531578193841
47,0.6260275677134585,0.6264238513479135,-0.0003962836344549858,2.266516190770768,2.2744901919493556,-0.00797400117858782,0.72446882476757,0.7252882404574943,-0.0008194156899242744,0.09844125705411155,0.09886438910958084,-0.00042313205546928856,1.0346126153452195,1.0346126153452195,0.0,0.31590813398361206,0.31575544083772095,0.00015269314589111405
48,0.6291281306145681,0.6296960256333324,-0.0005678950187643084,2.2594566289434,2.267482591807032,-0.008025962863631886,0.7349288938800712,0.735546085697167,-0.0006171918170957413,0.10580076326550314,0.10585006006383457,-4.929679833143297e-5,1.051874640193586,1.051874640193586,0.0,0.31540411710739136,0.31509058289717484,0.00031353421021651506
49,0.6276627699603532,0.6281285672033179,-0.00046579724296469394,2.260085178769011,2.2677868493704265,-0.007701670601415689,0.7305027823391325,0.7311950863534616,-0.0006923040143291814,0.10284001237877927,0.10306651915014375,-0.0002265067713644875,1.0447741689177414,1.0447741689177414,0.0,0.3157324194908142,0.31550639599406655,0.00022602349674766264
50,0.6298840741384557,0.6304539159117093,-0.0005698417732535876,2.2577237202414917,2.265293403570191,-0.007569683328699117,0.7374927537187409,0.7380329144448629,-0.0005401607261219521,0.1076086795802852,0.10757899853315356,2.9681047131635552e-5,1.0561161033013196,1.0561161033013196,0.0,0.3152815103530884,0.31495381513191006,0.0003276952211783146
51,0.6306392127186478,0.6312074205449821,-0.000568207826334377,2.2602408490693353,2.2674285009935113,-0.007187651924176031,0.7392275268392846,0.739704760785152,-0.00047723394586740575,0.10858831412063685,0.10849734024016988,9.09738804669713e-5,1.0586493015423895,1.0586493015423895,0.0,0.3150191009044647,0.314682582053027,0.000336518851437706
52,0.6337385723931557,0.6344202579526141,-0.000681685559458467,2.2636204462096217,2.270382556529118,-0.006762110319496362,0.7477419563131819,0.7479990854113233,-0.000257129098141462,0.11400338392002618,0.11357882745870918,0.000424556461317005,1.071908007856849,1.071908007856849,0.0,0.3141758441925049,0.3137223365906588,0.0004535076018460926
53,0.6367155250930963,0.6374671763583191,-0.000751651265222808,2.2722578011180654,2.2782805951792584,-0.006022794061192993,0.7549122709900219,0.7549472159075628,-3.494491754085782e-5,0.11819674589692564,0.11748003954924369,0.0007167063476819502,1.08253282325723,1.08253282325723,0.0,0.313198059797287,0.31266103132917206,0.0005370284681149307
54,0.6332336912482363,0.633686508614595,-0.0004528173663587154,2.284686470129442,2.2897122114205457,-0.005025741291103891,0.742125483438178,0.7423791057598849,-0.00025362232170689225,0.10889179218994172,0.1086925971452899,0.00019919504465182314,1.061026605518829,1.061026605518829,0.0,0.31360816955566406,0.3133211035071676,0.0002870660484964871
55,0.6303409363067628,0.6306034287451335,-0.00026249243837073166,2.2872316611048897,2.291824271311592,-0.004592610206702208,0.7330832281558346,0.7335105224168,-0.00042729426096543843,0.1027422918490718,0.1029070936716665,-0.00016480182259470677,1.046450855738795,1.046450855738795,0.0,0.3141999840736389,0.31408006372250435,0.00011992035113456145
56,0.6235362856944663,0.6234836133960144,5.2672298451850175e-5,2.283508879286806,2.288052516475409,-0.004543637188603178,0.7139371151024656,0.7147566315329751,-0.0008195164305094815,0.09040082940799932,0.09127301813696065,-0.0008721887289613317,1.0164562368929801,1.0164562368929801,0.0,0.31593137979507446,0.31611392055130133,-0.00018254075622686772
57,0.6367783606826388,0.6374726502834247,-0.0006942896007858801,2.267617921471366,2.272822252123179,-0.005204330651813027,0.7560084981882567,0.7559798980327301,2.860015552652584e-5,0.11923013750561784,0.11850724774930543,0.0007228897563124059,1.0847231774124548,1.0847231774124548,0.0,0.31333228945732117,0.3128260598832813,0.0005062295740398404
58,0.6308350375901816,0.631105228256948,-0.00027019066676647885,2.2812959572096494,2.285535149164802,-0.004239191955152766,0.7356956121795305,0.7360563000243274,-0.0003606878447969253,0.10486057458934894,0.10495107176737939,-9.049717803044643e-5,1.051123547291107,1.051123547291107,0.0,0.31427985429763794,0.3141429298615371,0.00013692443610086036
59,0.6295518430735446,0.6297519001213776,-0.00020005704783299105,2.2799677507187366,2.2841001157716923,-0.004132365052955667,0.7321756101534301,0.7326096681465974,-0.00043405799316731386,0.10262376707988552,0.10285776802521984,-0.0002340009453343228,1.0456561280973493,1.0456561280973493,0.0,0.31462499499320984,0.31455174772463995,7.324726856988706e-5
60,0.6254284770711759,0.6254436404879673,-1.5163416791419415e-5,2.2764645615017023,2.2806385759523704,-0.004174014450668118,0.7207932195645274,0.7214712353187778,-0.0006780157542504162,0.09536474249335147,0.09602759483081047,-0.0006628523374589967,1.0279134802142398,1.0279134802142398,0.0,0.3157176971435547,0.315823788046942,-0.00010609090338731253
61,0.6180353676257254,0.6178009232098715,0.0002344444158539627,2.2658654126400912,2.2705079892023807,-0.004642576562289502,0.7015326950051334,0.7025973903406956,-0.0010646953355621935,0.08349732737940796,0.08479646713082412,-0.0012991397514161562,0.9982942466081473,0.9982942466081473,0.0,0.31786400079727173,0.3182320328724679,-0.0003680320751961452
62,0.617986296027773,0.6178837350574911,0.00010256097028193967,2.2438922132779906,2.2496178289386166,-0.005725615660626016,0.7056121793464034,0.706697468209486,-0.0010852888630825674,0.08762588331863042,0.08881373315199492,-0.0011878498333645071,1.0066133577576608,1.0066133577576608,0.0,0.31863051652908325,0.3189019329167741,-0.0002714163876908482
63,0.6122973925361147,0.612101059276995,0.00019633325911971866,2.227070368869559,2.2337173208732617,-0.006646952003702911,0.6927148413416089,0.6940616989774321,-0.0013468576358232065,0.08041744880549417,0.0819606397004371,-0.0015431908949429252,0.9875050412823411,0.9875050412823411,0.0,0.32064542174339294,0.3210430128481321,-0.0003975911047391367
64,0.6065957396152355,0.6063882691471052,0.00020747046813029968,2.2038231059120563,2.211703849353371,-0.007880743441314841,0.6812952456082768,0.6828492838969047,-0.0015540382886278792,0.07469950599304132,0.0764610147497995,-0.0017615087567581789,0.9711841115247892,0.9711841115247892,0.0,0.3229568302631378,0.32341040404919336,-0.0004535737860555389
65,0.6165906571854994,0.6168889753569686,-0.0002983181714691918,2.175940003719722,2.1852154264683348,-0.009275422748612705,0.7147922414518817,0.716003604471461,-0.001211363019579359,0.09820158426638226,0.09911462911449243,-0.0009130448481101672,1.027277844616353,1.027277844616353,0.0,0.3213288486003876,0.32131542470355023,1.3423896837339022e-5
66,0.6100210509134701,0.6101121801206575,-9.112920718734596e-5,2.1728568704252154,2.182613589641125,-0.009756719215909815,0.6967008753590197,0.6982326758354684,-0.0015318004764487414,0.08667982444554956,0.08812049571481095,-0.0014406712692613954,0.9985040907825808,0.9985040907825808,0.0,0.32313790917396545,0.3233475289252188,-0.00020961975125333154
67,0.6173303944260654,0.6178328440867523,-0.00050244966068691,2.158395489669777,2.169138728593593,-0.010743238923816012,0.7203449358795988,0.7215641006653662,-0.001219164785767446,0.10301454145353339,0.10373125657861393,-0.0007167151250805359,1.0378468234488485,1.0378468234488485,0.0,0.3217455744743347,0.3215758643861881,0.00016971008814659072
68,0.6197500183427834,0.620373569824596,-0.0006235514818125898,2.1609419680415214,2.171901850434845,-0.010959882393323461,0.7268327312548638,0.727938735588422,-0.0011060043335582304,0.10708271291208038,0.10756516576382602,-0.00048245285174564057,1.0480731762649076,1.0480731762649076,0.0,0.3210363984107971,0.3207548681054562,0.0002815303053408935
69,0.6155642680937216,0.6159874692905146,-0.000423201196793066,2.1674380854939823,2.178370264856624,-0.01093217936264157,0.7135093643720983,0.7148454207757616,-0.0013360564036632994,0.09794509627837678,0.09885795148524701,-0.0009128552068702334,1.0259928639873692,1.0259928639873692,0.0,0.32188814878463745,0.32180096944221365,8.717934242380432e-5
70,0.6102523991914904,0.6105088529293655,-0.0002564537378750842,2.1644942078370977,2.1758303760329145,-0.011336168195816843,0.6989685682636846,0.7005631127606353,-0.0015945444969507339,0.08871616907219415,0.0900542598312698,-0.0013380907590756497,1.0028809545021065,1.0028809545021065,0.0,0.3233729302883148,0.32346446337322654,-9.15330849117213e-5
71,0.6153146484272882,0.615871075539699,-0.0005564271124107734,2.152458433322524,2.164605021205616,-0.012146587883091975,0.7157169536195511,0.7171049506364864,-0.0013879970169352607,0.1004023051922629,0.10123387509678738,-0.0008315699045244873,1.0309370010973526,1.0309370010973526,0.0,0.3224736452102661,0.3222921490419747,0.00018149616829143955
72,0.6175168643130379,0.6181910453632424,-0.0006741810502045587,2.1526690309732457,2.165081794622713,-0.012412763649467529,0.7220021654221125,0.7232938455007757,-0.0012916800786632043,0.10448530110907461,0.10510280013753326,-0.0006174990284586457,1.0410631890037287,1.0410631890037287,0.0,0.3218950033187866,0.3216062054196856,0.00028879789910102316
73,0.6228566551050085,0.6237689233232039,-0.0009122682181953445,2.156952821732092,2.169405300437005,-0.012452478704912728,0.7366434957653846,0.7376490995883744,-0.0010056038229898645,0.11378684066037603,0.11388017626517055,-9.333560479451997e-5,1.0643134836961128,1.0643134836961128,0.0,0.3203786313533783,0.3198624931406558,0.0005161382127225056
74,0.6195363627683044,0.6202169957804,-0.0006806330120956439,2.170338751996118,2.182304933693527,-0.011966181697409262,0.7243731334153856,0.7255670134825319,-0.00119388006714638,0.10483677064708119,0.10535001770213193,-0.0005132470550507362,1.0432152325342583,1.0432152325342583,0.0,0.3207691013813019,0.32046027988391496,0.0003088214973869241
75,0.6227819836566112,0.6235999487268822,-0.0008179650702709873,2.1741515297336527,2.1860739618173475,-0.011922432083694812,0.7330507753938732,0.7340669232982873,-0.0010161479044140664,0.110268791737262,0.11046697457140509,-0.00019818283414307913,1.0568362016601778,1.0568362016601778,0.0,0.3198164701461792,0.3193748016466891,0.0004416684994901221
76,0.6171151253907231,0.6176227164861309,-0.0005075910954077667,2.183218853026377,2.1947845077136146,-0.011565654687237359,0.7148785298646664,0.7162019030259374,-0.0013233731612710686,0.09776340447394327,0.09857918653980657,-0.0008157820658633019,1.026752364674175,1.026752364674175,0.0,0.32094278931617737,0.3207895360925565,0.0001532532236208639
77,0.6254452714244553,0.6263710039721055,-0.0009257325476502709,2.179358727198762,2.1912018108417577,-0.01184308364299591,0.7398099352700758,0.7406748089832448,-0.0008648737131690121,0.1143646638456205,0.11430380501113924,6.085883448125884e-5,1.067232224968154,1.067232224968154,0.0,0.31897157430648804,0.3184258301372111,0.0005457441692769405
78,0.6289394982057184,0.6299502271831776,-0.001010728977459241,2.1922795402163064,2.2035104982712435,-0.011230958054937012,0.7475394804246616,0.7481822386332994,-0.0006427582086377948,0.11859998221894319,0.11823201145012174,0.0003679707688214462,1.0784315082906883,1.0784315082906883,0.0,0.3176722824573517,0.31703096663353947,0.0006413158238122163
79,0.6243574779642946,0.6250213042235978,-0.0006638262593031685,2.2088342391711224,2.2191744526617345,-0.010340213490612093,0.7308447357600697,0.7317587116521385,-0.0009139758920687635,0.10648725779577506,0.10673740742854065,-0.000250149632765595,1.050007260902651,1.050007260902651,0.0,0.31825146079063416,0.31791169653314993,0.0003397642574842208
80,0.6301033844782775,0.6310221598997381,-0.0009187754214605715,2.212505632710152,2.222614684032136,-0.01010905132198392,0.7470029235835042,0.7475548648398794,-0.0005519412563752546,0.11689953910522666,0.11653270494014134,0.00036683416508531685,1.0755899486044516,1.0755899486044516,0.0,0.3167201578617096,0.316134750180122,0.0005854076815876019
81,0.6302360583347568,0.631051909062899,-0.0008158507281421645,2.2264184131143843,2.2356900785068934,-0.00927166539250912,0.7446630086089315,0.7451941517352094,-0.0005311431262778887,0.11442695027417471,0.11414224267231043,0.0002847076018642758,1.0704975935316345,1.0704975935316345,0.0,0.31622976064682007,0.3157178975941004,0.0005118630527196633
82,0.6307067990634105,0.6314558244062858,-0.0007490253428752425,2.237210998581091,2.245766382886716,-0.008555384305624969,0.7439357518297914,0.7444241943618576,-0.0004884425320661467,0.1132289527663809,0.1129683699555718,0.00026058281080909573,1.0683096412275184,1.0683096412275184,0.0,0.31576088070869446,0.31529221160377996,0.00046866910491449865
83,0.6248889705408367,0.6252716825064094,-0.0003827119655727129,2.2463032179228177,2.2541997870759616,-0.007896569153143851,0.7250791063309184,0.7259152446447281,-0.0008361383138096867,0.10019013579008174,0.10064356213831871,-0.0004534263482369738,1.0373755267160685,1.0373755267160685,0.0,0.3168601095676422,0.3167192929617998,0.00014081660584241984
84,0.629580188688511,0.6302099009852022,-0.0006297122966912871,2.241933399580664,2.249915828984171,-0.00798242940350713,0.7396857347016407,0.7402274860858532,-0.0005417513842125299,0.11010554601312972,0.11001758510065096,8.796091247875726e-5,1.0610721394192337,1.0610721394192337,0.0,0.31587573885917664,0.3155031546693359,0.00037258418984076336
85,0.6368452887434499,0.6377944025673733,-0.0009491138239233754,2.2476823958825545,2.2552053016897764,-0.007522905807221925,0.7601146172563988,0.7601590839061819,-4.446664978308146e-5,0.12326932851294892,0.12236468133880862,0.0009046471741402939,1.0932163665720263,1.0932163665720263,0.0,0.3139553368091583,0.31327600029438085,0.0006793365147774733
86,0.641889737605057,0.6429212796009085,-0.001031541995851537,2.2663275728819627,2.2725956585375635,-0.006268085655600775,0.7714580729314631,0.7711640779822698,0.00029399494919324365,0.1295683353264061,0.12824279838136132,0.0013255369450447807,1.1096268397265574,1.1096268397265574,0.0,0.31215736269950867,0.31137449375757664,0.0007828689419320245
87,0.6452374930179482,0.6462221425848023,-0.0009846495668540678,2.290403869031092,2.295054653591814,-0.004650784560721988,0.7767194447259196,0.7761945664540045,0.0005248782719150524,0.1314819517079714,0.12997242386920227,0.0015095278387691202,1.1157300974115791,1.1157300974115791,0.0,0.3106127381324768,0.30983448436104405,0.0007782537714327575
88,0.6302334244690248,0.6302824970052158,-4.907253619101937e-5,2.3152730885044375,2.318197862510936,-0.0029247740064985983,0.7273184531375452,0.7277388627598522,-0.0004204096223070497,0.09708502866852042,0.09745636575463645,-0.00037133708611603033,1.0348929800178484,1.0348929800178484,0.0,0.31329959630966187,0.313335296776876,-3.570046721412812e-5
89,0.61666149502206,0.6162059626165565,0.0004555324055035559,2.3045877832278014,2.307747753200408,-0.003159969972606369,0.6903179079074574,0.6914033868761608,-0.0010854789687033684,0.07365641288539737,0.0751974242596043,-0.0015410113742069242,0.9774381137898549,0.9774381137898549,0.0,0.3168807029724121,0.31742220336056737,-0.0005415003881552582
90,0.6157082570004312,0.6153785997264051,0.00032965727402611833,2.2709712371531734,2.2755251295795063,-0.004553892426332862,0.6939681148188405,0.6951297481039271,-0.0011616332850866717,0.07825985781840927,0.07975114837752206,-0.00149129055911279,0.985891287227017,0.985891287227017,0.0,0.318264901638031,0.3187261994568194,-0.0004612978187883976
91,0.6175573142748774,0.617447998045645,0.00010931622923238127,2.24352290451102,2.2493561148743275,-0.005833210363307639,0.7044574071329259,0.7055678519910914,-0.0011104448581654713,0.08690009285804856,0.08811985394544641,-0.0012197610873978526,1.0048091271345967,1.0048091271345967,0.0,0.3187495172023773,0.31903103306008435,-0.0002815158577070265
92,0.6118930743891176,0.611697610357908,0.0001954640312095135,2.2259924600673355,2.232773909755901,-0.006781449688565644,0.6917864211300306,0.6931531066904383,-0.0013666855604076433,0.07989334674091308,0.08145549633253024,-0.0015621495916171568,0.9861151829976964,0.9861151829976964,0.0,0.32078683376312256,0.32118799249943597,-0.0004011587363134117
93,0.6044224068948219,0.6041903529422112,0.00023205395261061135,2.202271269079648,2.210299208362227,-0.008027939282579055,0.6756504408580175,0.6772488566661041,-0.0015984158080866173,0.07122803396319566,0.07305850372389289,-0.0018304697606972287,0.9622706708726065,0.9622706708726065,0.0,0.3235994577407837,0.3240847206594253,-0.00048526291864159354
94,0.6033082229435925,0.6031992613817563,0.00010896156183626271,2.1709889290895714,2.1804736570748027,-0.009484727985231256,0.6784516421563476,0.6801571488776906,-0.0017055067213430641,0.07514341921275502,0.07695788749593435,-0.0018144682831793268,0.9693447876316129,0.9693447876316129,0.0,0.32500943541526794,0.32541852736261456,-0.00040909194734661813
95,0.5934712564231714,0.5933847226101501,8.65338130213722e-5,2.145078091229631,2.155935796467276,-0.010857705237645288,0.6568788000981521,0.6587437763563456,-0.0018649762581934848,0.0634075436749807,0.06535905374619555,-0.001951510071214857,0.9367015640695547,0.9367015640695547,0.0,0.328733891248703,0.3291730271598944,-0.0004391359111913795
96,0.5948084453388489,0.5948585364598286,-5.0091120979645076e-5,2.1086374643462147,2.1209412798708556,-0.012303815524640882,0.6671693403686425,0.6691590134601277,-0.0019896730914852334,0.07236089502979359,0.07430047700029918,-0.0019395819705055883,0.9563651531850207,0.9563651531850207,0.0,0.3296673595905304,0.3300147391542712,-0.0003473795637408128
97,0.5893214194121325,0.5894571742185455,-0.0001357548064130354,2.0828464114135103,2.0965170962060067,-0.013670684792496335,0.6574119550470106,0.6595143387155711,-0.0021023836685605257,0.0680905356348781,0.07005716449702559,-0.0019666288621474903,0.9426811118756745,0.9426811118756745,0.0,0.3322489857673645,0.33255589734839525,-0.00030691158103074434
98,0.5872064993063755,0.5874542184272069,-0.00024771912083143555,2.0539855099030184,2.068986486413391,-0.015000976510372688,0.657209771246797,0.659422826560603,-0.0022130553138060005,0.07000327194042155,0.07196860813339612,-0.001965336192974565,0.944805232944674,0.944805232944674,0.0,0.33396899700164795,0.33420573491434497,-0.00023673791269701594
99,0.590727453076152,0.5911403431806235,-0.0004128901044714306,2.02838074950383,2.044648803217318,-0.01626805371348805,0.671371545133409,0.6736717497681974,-0.0023002046347884164,0.08064409205725698,0.08253140658757396,-0.0018873145303169858,0.9702761213177905,0.9702761213177905,0.0,0.3338482975959778,0.3339567471665345,-0.00010844957055672344
100,0.5858978875532275,0.5863690032602691,-0.0004711157070416139,2.014608648574039,2.032006778464387,-0.01739812989034828,0.6611320354372221,0.6635313001276286,-0.002399264690406522,0.07523414788399463,0.07716229686735954,-0.001928148983364908,0.9546942585648451,0.9546942585648451,0.0,0.335855096578598,0.3359391243300562,-8.402775145816e-5
101,0.5919611226146307,0.5926561962315285,-0.0006950736168978011,1.996067661289909,2.014584099511298,-0.01851643822138893,0.6809190965126694,0.6833297917336233,-0.00241069522095394,0.08895797389803861,0.09067359550209475,-0.001715621604056139,0.9889949235583539,0.9889949235583539,0.0,0.33468884229660034,0.3345790048575648,0.00010983743903553167
102,0.5959899948871077,0.5968773752837421,-0.0008873803966343852,1.9921135379055932,2.011483702544461,-0.01937016463886776,0.6927062066487006,0.6950708088535289,-0.002364602204828259,0.09671621176159295,0.09819343356978683,-0.0014772218081938737,1.0088361563229364,1.0088361563229364,0.0,0.3336237072944641,0.33334350465895635,0.0002802026355077647
103,0.5928624421647288,0.5937112674964443,-0.0008488253317154859,1.9961017072160758,2.016047459587197,-0.019945752371121284,0.6833626167978555,0.6858367089342305,-0.002474092136375061,0.09050017463312665,0.09212544143778623,-0.0016252668046595753,0.9930228229518852,0.9930228229518852,0.0,0.3344142735004425,0.33418868442487193,0.00022558907557057584
104,0.5876161057506764,0.5884260184701553,-0.0008099127194789446,1.9936881998117493,2.014330792701881,-0.020642592890131928,0.6696596233679228,0.6722523889398142,-0.0025927655718913645,0.08204351761724649,0.0838263704696589,-0.0017828528524124199,0.9706539901513268,0.9706539901513268,0.0,0.3361107409000397,0.3359436099987438,0.0001671309012958866
105,0.5816149064325215,0.5824510102805489,-0.0008361038480274585,1.982930378294086,2.0043949615188095,-0.021464583224723555,0.6558442432006628,0.6585008597979174,-0.0026566165972545797,0.07422933676814136,0.07604984951736848,-0.0018205127492271211,0.948826321098969,0.948826321098969,0.0,0.3384212553501129,0.338247341086056,0.00017391426405694022
106,0.5798613977168168,0.580775528241038,-0.0009141305242211795,1.9648591263671844,1.987145098171461,-0.022285971804276494,0.6546678357066685,0.6573930063473853,-0.0027251706407167564,0.07480643798985176,0.07661747810634734,-0.001811040116495577,0.948522638881447,0.948522638881447,0.0,0.3396856188774109,0.3394568103317067,0.0002288085457041733
107,0.5743407681914187,0.5753378031058424,-0.0009970349144237112,1.9482061485087903,1.9712658026182681,-0.023059654109477856,0.6435565362654522,0.6462843912478914,-0.002727854982439215,0.06921576807403351,0.07094658814204902,-0.001730820068015504,0.9315746037036111,0.9315746037036111,0.0,0.3421732485294342,0.34187303611897346,0.0003002124104607429
108,0.5755049180689947,0.576562408901918,-0.0010574908329232802,1.926737656371246,1.950454759706925,-0.023717103335679113,0.6505497105592742,0.6533925633573792,-0.0028428527981049223,0.07504479249027951,0.07683015445546115,-0.0017853619651816421,0.9451918193215638,0.9451918193215638,0.0,0.3426167368888855,0.34228272526536935,0.00033401162351615055
109,0.5784440894819883,0.5795969181696067,-0.0011528286876183458,1.9120974947700118,1.936495986565808,-0.02439849179579623,0.6609888573601485,0.663915401406543,-0.0029265440463945858,0.08254476787816012,0.08431848323693636,-0.00177371535877624,0.964009535819403,0.964009535819403,0.0,0.3422071039676666,0.3418032906348189,0.00040381333284772447
110,0.5837711811892645,0.5850850517866973,-0.0013138705974328202,1.9056387724896218,1.930675289162736,-0.02503651667311413,0.6764054938446818,0.6793340343338437,-0.0029285404891618017,0.09263431265541733,0.09424898254714631,-0.0016146698917289815,0.99041534884504,0.99041534884504,0.0,0.34071725606918335,0.3401734746343376,0.0005437814348457359
111,0.5849042156750843,0.5862748918648285,-0.00137067618974418,1.9095702328077775,1.9350560303841329,-0.025485797576355385,0.6786767959899203,0.6816168734071565,-0.002940077417236231,0.09377258031483593,0.09534198154232798,-0.001569401227492051,0.9938173642488063,0.9938173642488063,0.0,0.34019792079925537,0.339609093869203,0.0005888269300523552
112,0.5771959706281912,0.5784738490169518,-0.0012778783887605893,1.914456960864745,1.9403258577462403,-0.025868896881495296,0.6572683721981867,0.6602706097140278,-0.0030022375158411663,0.08007240156999551,0.08179676069707609,-0.001724359127080577,0.957566938529675,0.957566938529675,0.0,0.34253039956092834,0.3420341823137071,0.0004962172472212645
113,0.5721068306476611,0.5734298705017102,-0.001323039854049135,1.9054160448652362,1.9318051666101033,-0.026389121744867072,0.645833034582935,0.6488238740736058,-0.0029908394906708047,0.07372620393527385,0.07539400357189552,-0.0016677996366216696,0.9392965729639369,0.9392965729639369,0.0,0.34461984038352966,0.34407937736831584,0.0005404630152138212
114,0.5706960878099376,0.5720708793128978,-0.0013747915029601598,1.8904497638927227,1.9172783358077559,-0.026828571915033184,0.6450420668359378,0.6480733428488886,-0.0030312760129508343,0.07434597902600015,0.07600246353599083,-0.0016564845099906744,0.939376488821434,0.939376488821434,0.0,0.34570538997650146,0.3451237203966406,0.0005816695798608884
115,0.5783297081007517,0.5798173526376779,-0.0014876445369261804,1.87679990200785,1.904036153629281,-0.02723625162143084,0.6675324726668407,0.6706561691146066,-0.003123696447765889,0.089202764566089,0.09083881647692871,-0.0016360519108397087,0.9784642623183369,0.9784642623183369,0.0,0.34364205598831177,0.3429790408107497,0.0006630151775620652
116,0.5738317592694521,0.5752962732892616,-0.0014645140198095152,1.878642193551607,1.9062467157810024,-0.027604522229395245,0.6553594194650431,0.6585036349039384,-0.0031442154388953147,0.08152766019559099,0.08320736161467679,-0.0016797014190857995,0.9578375276165737,0.9578375276165737,0.0,0.3450895845890045,0.3444499497324482,0.0006396348565563259
117,0.5714054072864567,0.5729038751278783,-0.0014984678414216024,1.8727236265320322,1.9007229267760866,-0.027999300244054393,0.650214730311557,0.6533692655500007,-0.0031545352384437786,0.07880932302510024,0.08046539042212242,-0.0016560673970221762,0.9497658377416264,0.9497658377416264,0.0,0.34616583585739136,0.3454959099861349,0.0006699258712564715
118,0.575933687170106,0.57751787815948,-0.0015841909893740125,1.8643622172489576,1.892714285528713,-0.028352068279755338,0.6636258556483325,0.6668367159799354,-0.003210860331602894,0.08769216847822658,0.08931883782045547,-0.0016266693422288814,0.9731571137007937,0.9731571137007937,0.0,0.3449445366859436,0.3442105117272392,0.0007340249587043934
119,0.5735745989022458,0.5751582474323835,-0.0015836485301377046,1.8652728566949264,1.8939318744610905,-0.028659017766164085,0.6572631754563721,0.6604894216904758,-0.0032262462341036136,0.08368857655412631,0.08533117425809222,-0.001642597703965909,0.9623589378484767,0.9623589378484767,0.0,0.34571319818496704,0.34498181481114865,0.000731383373818395
120,0.5752289993725197,0.5768670806832302,-0.0016380813107105263,1.8621375161643088,1.8911051240262067,-0.028967607861897893,0.6622039730677091,0.6654548889210317,-0.0032509158533226,0.08697497369518936,0.08858780823780144,-0.0016128345426120738,0.9709893287425931,0.9709893287425931,0.0,0.34527307748794556,0.3444989395350469,0.0007741379528986569
121,0.580146341392692,0.5818903397343029,-0.001743998341610875,1.8624345152545827,1.891666585932073,-0.02923207067749023,0.675169631472846,0.6784105756878198,-0.0032409442149737844,0.09502329008015398,0.09652023595351689,-0.0014969458733629093,0.9928025078409792,0.9928025078409792,0.0,0.34360289573669434,0.3427381873617321,0.0008647083749622198
122,0.5794697684072394,0.5811953722450305,-0.0017256038377910787,1.8707660061441604,1.9001343408668254,-0.02936833472266498,0.6717390853129992,0.674986389169665,-0.0032473038566658285,0.09226931690575979,0.09379101692463454,-0.0015217000188747498,0.9861540126856703,0.9861540126856703,0.0,0.3435004949569702,0.34265481311162443,0.0008456818453457804
123,0.5792607335933331,0.5809852389518967,-0.0017245053585636105,1.8759557132119136,1.905478723365214,-0.02952301015330039,0.6701677772027345,0.6734217968876831,-0.0032540196849486502,0.09090704360940138,0.09243655793578642,-0.0015295143263850397,0.9829785104150621,0.9829785104150621,0.0,0.34336474537849426,0.3425226927955571,0.0008420525829371805
124,0.5796450102099323,0.5813828979475594,-0.001737887737627064,1.879541578735249,1.9092198788614079,-0.029678300126158907,0.6704883092782213,0.6737460633612273,-0.0032577540830059926,0.09084329906828903,0.09236316541366796,-0.0015198663453789285,0.9831507939766586,0.9831507939766586,0.0,0.34309500455856323,0.3422434605232592,0.0008515440353040193
125,0.5835438540407979,0.5853600233720901,-0.00181616933129225,1.8828967863944386,1.9127135001417157,-0.029816713747277124,0.6802361286409941,0.6834682251080069,-0.003232096467012724,0.09669227460019625,0.09810820173591672,-0.001415927135720474,0.9991943833653579,0.9991943833653579,0.0,0.34167420864105225,0.34075479683404175,0.0009194118070104951
126,0.5802913534144218,0.5820285257806759,-0.0017371723662540361,1.8919447928253588,1.9217895381665104,-0.02984474534115167,0.6697867621897066,0.6730391801257873,-0.003252417936080776,0.08949540877528472,0.09101065434511146,-0.0015152455698267397,0.9807151308317142,0.9807151308317142,0.0,0.3423916697502136,0.3415437715554413,0.000847898194772323
127,0.5751443907591384,0.5768232074541346,-0.0016788166949962546,1.893374770727305,1.9233455612938857,-0.029970790566580696,0.6559497914100741,0.6592099851083332,-0.0032601936982590285,0.08080540065093578,0.08238677765419855,-0.0015813770032627739,0.9573923368053467,0.9573923368053467,0.0,0.34405484795570374,0.3432558030167319,0.0007990449389718157
128,0.5757136862197991,0.5774260692786489,-0.001712383058849798,1.8860481785097787,1.9162052786363912,-0.030157100126612546,0.6588420313159451,0.6621298852819328,-0.0032878539659877415,0.08312834509614597,0.08470381600328392,-0.0015754709071379436,0.962957475023149,0.962957475023149,0.0,0.3441527783870697,0.3433283571904312,0.0008244211966385029
129,0.5898436117023359,0.5918609591591621,-0.002017347456826246,1.8813855657945724,1.9117143971279824,-0.030328831333410022,0.6975649443578987,0.7007367439038821,-0.003171799545983345,0.10772133265556283,0.10887578474471993,-0.0011544520891570986,1.0285564325705394,1.0285564325705394,0.0,0.3396839499473572,0.33858988903602355,0.0010940609113336275
130,0.5921595924020635,0.5941643147551745,-0.0020047223531109992,1.9015329739260736,1.931604523978095,-0.030071550052021445,0.6999342638854357,0.7030327537575974,-0.0030984898721617693,0.10777467148337216,0.10886843900242293,-0.00109376751905077,1.0303302945551513,1.0303302945551513,0.0,0.33818569779396057,0.33709765452763685,0.0010880432663237238
131,0.5939592177285079,0.5959369832646757,-0.001977765536167797,1.9207959080143056,1.9505614680330416,-0.029765560018736092,0.7010883635304419,0.7041202561422285,-0.003031892611786602,0.107129145801934,0.1081832728775528,-0.0010541270756188048,1.030172694649093,1.030172694649093,0.0,0.3368997871875763,0.33582973867787996,0.0010700485096963308
132,0.5834214428466922,0.5850750404056971,-0.00165359755900496,1.9385166736666184,1.9679508463008386,-0.029434172634220213,0.6690743022740262,0.6722390063819719,-0.0031647041079456706,0.08565285942733403,0.08716396597627474,-0.0015111065489407105,0.9749241362388671,0.9749241362388671,0.0,0.33955180644989014,0.3387732639228752,0.0007785425270149249
133,0.5835120818528162,0.5851900916750437,-0.0016780098222274331,1.9339362943816,1.9635114843817876,-0.02957519000018749,0.670204212161872,0.6733805536483058,-0.0031763414864338646,0.08669213030905576,0.08819046197326219,-0.0014983316642064315,0.9772486467717273,0.9772486467717273,0.0,0.33970075845718384,0.33890255764085153,0.0007982008163323062
134,0.5792741600690698,0.580910175836722,-0.0016360157676521547,1.9306083914993253,1.960305259965167,-0.02969686846584163,0.6596233693498504,0.6628193517096889,-0.003195982359838423,0.0803492092807806,0.08190917587296687,-0.0015599665921862682,0.9599540053777326,0.9599540053777326,0.0,0.34120747447013855,0.34044555924783443,0.0007619152223041215
135,0.5688354317344911,0.570504122361828,-0.0016686906273368773,1.9210924733779633,1.9509669914006573,-0.02987451802269403,0.6345964273921627,0.6376476481430436,-0.003051220750880934,0.06576099565767157,0.06714352578121563,-0.0013825301235440568,0.9190864601755273,0.9190864601755273,0.0,0.34513458609580994,0.34430385359440624,0.000830732501403697
136,0.568043716374815,0.5697174085247656,-0.0016736921499506119,1.8974312844892727,1.9272977464451637,-0.029866461955891044,0.6369931282639463,0.6401095860175763,-0.0031164577536300087,0.06894941188913128,0.07039217749281068,-0.0014427656036793968,0.9252344192339058,0.9252344192339058,0.0,0.34635764360427856,0.34552888377527247,0.0008287598290060982
137,0.5687404663393014,0.5704215446177441,-0.0016810782784426603,1.8780598826555246,1.9079788990150737,-0.029919016359549078,0.6423899483731939,0.6455896826733335,-0.003199734300139645,0.07364948203389243,0.07516813805558942,-0.0015186560216969847,0.9360933598678952,0.9360933598678952,0.0,0.3468888998031616,0.3460660755673697,0.0008228242357919413
138,0.5683869069630317,0.5700896055318012,-0.0017026985687694784,1.8642902426308918,1.894335257532384,-0.03004501490149214,0.6440883061414069,0.6473293208695344,-0.0032410147281275448,0.07570139917837515,0.07723971533773322,-0.0015383161593580663,0.940264314247481,0.940264314247481,0.0,0.34756869077682495,0.3467309072300113,0.0008377835468136308
139,0.5692924006490513,0.5710178148511983,-0.001725414202147002,1.8532134630205133,1.8833982716757787,-0.030184808655265405,0.6485066584457808,0.6518019228181536,-0.0032952643723728192,0.07921425779672953,0.08078410796695534,-0.0015698501702258172,0.9487911720431484,0.9487911720431484,0.0,0.3476945757865906,0.34684534494817426,0.000849230838416315
140,0.5674796809209767,0.5692286083644732,-0.0017489274434965285,1.8461651391921996,1.8765147685526995,-0.030349629360499897,0.6452153766493078,0.6485071008573134,-0.0032917242080056086,0.07773569572833117,0.07927849249284025,-0.00154279676450908,0.9439224508075824,0.9439224508075824,0.0,0.34862667322158813,0.3477519076469798,0.0008747655746083605
141,0.5739368637225731,0.5757564091338835,-0.0018195454113103526,1.8379663356355374,1.8684460602923982,-0.030479724656860885,0.6635275509542894,0.6668953768937944,-0.0033678259395050203,0.08959068723171626,0.09113896775991093,-0.0015482805281946677,0.9756936974161737,0.9756936974161737,0.0,0.346689909696579,0.3457717138504985,0.000918195846080494
142,0.5697900457311327,0.5715729116639565,-0.0017828659328238405,1.8420041579568998,1.8726134060540183,-0.030609248097118513,0.6519366705639413,0.6552881165666911,-0.003351446002749725,0.08214662483280866,0.08371520490273454,-0.0015685800699258845,0.9556935237921188,0.9556935237921188,0.0,0.3479730486869812,0.34708131805917714,0.000891730627804066
143,0.5668111042609473,0.5686074824969588,-0.001796378236011531,1.8384099670660599,1.8691630091438887,-0.030753042077828807,0.644988247196617,0.6483114168064164,-0.0033231696097993924,0.07817714293566969,0.07970393430945755,-0.0015267913737878613,0.9442984478898101,0.9442984478898101,0.0,0.34918275475502014,0.3482689337952006,0.0009138209598195668
144,0.5624604854420907,0.5642876936654168,-0.001827208223326049,1.8310135951267328,1.8618619492288886,-0.030848354102155806,0.6353704047891869,0.63862598038801,-0.0032555755988230572,0.07290991934709623,0.07433828672259324,-0.0014283673754970083,0.9287454413569417,0.9287454413569417,0.0,0.35106945037841797,0.35010618460470183,0.0009632657737161376
145,0.5752293396539904,0.577151535976379,-0.0019221963223886585,1.818694282732361,1.849535088317519,-0.030840805585158115,0.6707200614106796,0.6741235521341744,-0.003403490723494773,0.09549072175668927,0.09697201615779538,-0.0014812944011061147,0.9899147619900219,0.9899147619900219,0.0,0.34702107310295105,0.34601495472393023,0.001006118379020815
146,0.5811381043826991,0.5831392013155713,-0.002001096932872204,1.8295292067918458,1.8604157422507317,-0.030886535458885866,0.6842669998924092,0.6876322916640464,-0.0033652917716371356,0.10312889550971016,0.10449309034847509,-0.0013641948387649316,1.0117731342711607,1.0117731342711607,0.0,0.3445592224597931,0.34348788742273234,0.00107133503706075
147,0.5953169731506167,0.5976560808914859,-0.0023391077408692063,1.8474979652285954,1.8783110023844132,-0.030813037155817735,0.7193785762610602,0.7224389872367704,-0.0030604109757101927,0.12406160311044345,0.12478290634528444,-0.0007213032348409865,1.0694335614913446,1.0694335614913446,0.0,0.3392062783241272,0.33782283146547043,0.0013834468586567672
148,0.5964419270568921,0.5986343695663076,-0.0021924425094154154,1.885563029242091,1.9156630976582536,-0.03010006841616253,0.7149300640490637,0.7179124272711819,-0.0029823632221182006,0.11848813699217153,0.11927805770487432,-0.0007899207127027852,1.0573904514881964,1.0573904514881964,0.0,0.33743783831596375,0.33617536693619465,0.0012624713797690923
149,0.607672450588765,0.6101317849846314,-0.0024593343958664304,1.9162827909419446,1.94577169505795,-0.029488904116005354,0.7403795708962946,0.7429307054880082,-0.002551134591713633,0.13270712030752962,0.13279892050337683,-9.180019584720256e-5,1.0967586995500689,1.0967586995500689,0.0,0.33288079500198364,0.3313603802898999,0.0015204147120837508
150,0.6089524836274643,0.6112186630724564,-0.002266179444992078,1.959791605728387,1.9879996732398388,-0.028208067511451773,0.7354057086443763,0.7378317938892155,-0.0024260852448392267,0.12645322501691192,0.12661313081675907,-0.0001599057998471487,1.083267524136529,1.083267524136529,0.0,0.3309696912765503,0.32959612833093904,0.0013735629456112508
151,0.6014170427699974,0.603189077429777,-0.0017720346597795977,1.9950212956638746,2.0220762520050584,-0.02705495634118371,0.707196282242557,0.7098499359096461,-0.0026536536670890287,0.10577923947255963,0.10666085847986906,-0.000881619007309431,1.0324926466002398,1.0324926466002398,0.0,0.3319123685359955,0.33096953129747797,0.0009428372385175132
152,0.6032788903963469,0.6050486181430809,-0.0017697277467340067,2.007937143630304,2.034614376530497,-0.02667723290019275,0.7098760497275667,0.7124479907226706,-0.0025719409951039385,0.10659715933121983,0.10739937257958976,-0.0008022132483699318,1.035587426386688,1.035587426386688,0.0,0.3309019207954407,0.32995140790128413,0.0009505128941565411
153,0.5919986757064936,0.5933629472650616,-0.0013642715585679976,2.021069710130402,2.047307395938614,-0.026237685808212063,0.6761952340693176,0.6790257879430518,-0.0028305538737342095,0.08419655836282403,0.08566284067799024,-0.0014662823151662119,0.9788665129177111,0.9788665129177111,0.0,0.3337380290031433,0.333160258002826,0.0005777710003173064
154,0.6022271939270475,0.6039326929631383,-0.0017054990360908517,2.0111903866162026,2.0376730542478425,-0.026482667631639867,0.7062916240328347,0.708889136845469,-0.002597512812634206,0.10406443010578725,0.10495644388233061,-0.0008920137765433545,1.0293386588867985,1.0293386588867985,0.0,0.3310886323451996,0.3301938198967739,0.0008948124484257081
155,0.6112162195016572,0.6132108895240269,-0.001994670022369749,2.021638793338362,2.0477807709464657,-0.026141977608103772,0.7296532615458586,0.7318853570085018,-0.0022320954626431355,0.11843704204420147,0.11867446748447485,-0.00023742544027338663,1.0668180360360084,1.0668180360360084,0.0,0.32814913988113403,0.32697571812770965,0.0011734217534243863
156,0.619100042789013,0.6212790510358425,-0.0021790082468294836,2.0459734640656255,2.071136021606317,-0.0251625575406913,0.7475310891437787,0.7493510278708347,-0.001819938727055992,0.12843104635476577,0.12807197683499227,0.00035906951977349166,1.0937156852557686,1.0937156852557686,0.0,0.3251204788684845,0.32375658583550615,0.0013638930329783472
157,0.6262461897487844,0.6285163050015795,-0.0022701152527950796,2.079169419337589,2.102801651474033,-0.023632232136443942,0.7617857879642528,0.7631769586727412,-0.0013911707084883762,0.13553959821546835,0.13466065367116165,0.0008789445443067034,1.1135745701979534,1.1135745701979534,0.0,0.32207706570625305,0.3205995750817299,0.0014774906245231256
158,0.6286643595639835,0.6307763294008866,-0.0021119698369030937,2.117928735450219,2.1395820000852983,-0.021653264635079328,0.7612914569412439,0.7624575586282619,-0.0011661016870180285,0.13262709737726042,0.13168122922737535,0.0009458681498850652,1.1084863239727019,1.1084863239727019,0.0,0.3201753497123718,0.31879351022502334,0.0013818394873484907
159,0.6373432186634158,0.6395135112842647,-0.0021702926208488904,2.151971398781752,2.1716708884362954,-0.019699489654543267,0.7799237225364226,0.7806401639594289,-0.0007164414230063088,0.1425805038730068,0.14112665267516422,0.0014538511978425817,1.135475582677862,1.135475582677862,0.0,0.31679999828338623,0.31533511864906894,0.0014648796343172954
160,0.6422422919232254,0.644294149236036,-0.0020518573128106565,2.194382865387132,2.211711540488987,-0.017328675101855318,0.7860726577457418,0.7864655265247762,-0.00039286877903443873,0.1438303658225164,0.14217137728874019,0.0016589885337762178,1.1409724636812588,1.1409724636812588,0.0,0.31422775983810425,0.3128194085135683,0.001408351324535928
161,0.6391461804596277,0.6408710070365764,-0.0017248265769487237,2.2360700432719085,2.2509331221392253,-0.014863078867316748,0.7691861099710383,0.769502714916364,-0.0003166049453257047,0.13003992951141063,0.12863170787978762,0.001408221631623019,1.1089849425092546,1.1089849425092546,0.0,0.3137631416320801,0.31257341029698027,0.0011897313350998084
162,0.6409070142937242,0.6424768123049872,-0.0015697980112630017,2.2620263480546967,2.274789365100593,-0.01276301704589633,0.7693844815885611,0.7695144399387321,-0.0001299583501710444,0.1284774672948369,0.12703762763374493,0.0014398396610919573,1.10670948331121,1.10670948331121,0.0,0.3125285804271698,0.3114274841126397,0.0011010963145300923
163,0.6392386358519196,0.6405035563028566,-0.0012649204509369572,2.2852119877318815,2.29594107769952,-0.01072908996763866,0.75991872403027,0.7600775704835284,-0.00015884645325836555,0.12068008817835041,0.11957401418067182,0.0011060739976785916,1.0892891316609623,1.0892891316609623,0.0,0.3121970593929291,0.3113168183819465,0.000880241010982552
164,0.632663090970087,0.6334068812875888,-0.0007437903175018246,2.2995210131288544,2.3086446160427556,-0.009123602913901241,0.7375423864704211,0.7380924661888676,-0.0005500797184464501,0.10487929550033415,0.10468558490127877,0.00019371059905537447,1.052425487299383,1.052425487299383,0.0,0.31325608491897583,0.3128076474255663,0.0004484374934095037
165,0.6376576238807482,0.6386144732673108,-0.0009568493865625971,2.297363195500179,2.3058684062784502,-0.008505210778271266,0.7528127744314106,0.7529888251748661,-0.00017605074345550253,0.11515515055066239,0.1143743519075553,0.0007807986431070946,1.07684109492885,1.07684109492885,0.0,0.3121742308139801,0.31151565956842775,0.0006585712455523529
166,0.6287739846518502,0.6291552192305763,-0.00038123457872607514,2.3055816740868886,2.3129101893361095,-0.007328515249220846,0.7249176346503639,0.7256299723465827,-0.0007123376962188122,0.09614364999851366,0.0964747531160064,-0.000331103117492737,1.0319327221628338,1.0319327221628338,0.0,0.31395861506462097,0.31380078544974493,0.0001578296148760372
167,0.6249395447571906,0.6251667266362342,-0.0002271818790435809,2.2944061019219903,2.301724595719143,-0.007318493797152659,0.7158995184558787,0.7168065587153902,-0.0009070402595114935,0.09095997369868813,0.09163983207915605,-0.0006798583804679126,1.0186388524480574,1.0186388524480574,0.0,0.3152309060096741,0.31522023786809217,1.0668141581904322e-5
168,0.6194762172274938,0.6195362020671146,-5.998483962077472e-5,2.278567049174229,2.286224743256522,-0.007657694082292998,0.7032109348976625,0.7043805887046796,-0.001169653807017057,0.08373471767016871,0.084844386637565,-0.0011096689673962823,0.9999017430090325,0.9999017430090325,0.0,0.31707707047462463,0.3172402578730007,-0.00016318739837606344
169,0.6104419285438427,0.6103300833341281,0.00011184520971463385,2.2562400097993316,2.2646509258050003,-0.008410916005668678,0.6820890868431714,0.683575135687601,-0.0014860488444295994,0.07164715829932866,0.0732450523534729,-0.0015978940541442332,0.9682108417126604,0.9682108417126604,0.0,0.3201172649860382,0.3204790721599537,-0.0003618071739154849
170,0.6007879635046715,0.6006558418845057,0.00013212162016573714,2.222864680460468,2.2324819828267755,-0.009617302366307534,0.6620625898970621,0.6637419880736235,-0.0016793981765613752,0.061274626392390674,0.06308614618911779,-0.0018115197967271124,0.9389122628636084,0.9389122628636084,0.0,0.32387015223503113,0.32429943838674263,-0.0004292861517115054
171,0.601668020407551,0.6016619447438888,6.075663662175046e-6,2.1806703596614656,2.1916515197785786,-0.010981160117113031,0.6721945464128887,0.6739889171035762,-0.0017943706906875523,0.07052652600533771,0.07232697235968744,-0.0018004463543497273,0.9584861757414195,0.9584861757414195,0.0,0.32511988282203674,0.3254674658202737,-0.0003475829982369505
172,0.5927258059641594,0.59276832742173,-4.252145757066561e-5,2.1496919815361086,2.161962441698826,-0.012270460162717267,0.6540830758387001,0.6559994265726771,-0.0019163507339770014,0.06135726987454071,0.06323109915094705,-0.0018738292764063358,0.9318158770833798,0.9318158770833798,0.0,0.32878708839416504,0.32913282609557104,-0.00034573770140600146
173,0.5928068431184208,0.5929516041325025,-0.00014476101408167352,2.110986315474646,2.124559444822132,-0.013573129347486113,0.661397788874718,0.6634558243702188,-0.002058035495500765,0.0685909457562972,0.0705042202377163,-0.0019132744814190916,0.9468067728237372,0.9468067728237372,0.0,0.3301691710948944,0.3304562020606708,-0.0002870309657763692
174,0.5903140544997002,0.590561866380819,-0.0002478118811187757,2.0813159799583683,2.0961705876118146,-0.014854607653446372,0.6603123802286412,0.6624796694881123,-0.0021672892594710724,0.06999832572894105,0.07191780310729334,-0.0019194773783522967,0.9475357515874478,0.9475357515874478,0.0,0.33200520277023315,0.3322304117013548,-0.00022520893112165652
175,0.5923613835074277,0.5927564523823837,-0.00039506887495599496,2.054434106405766,2.0705167455621796,-0.016082639156413503,0.6708087854736492,0.6730639917805276,-0.0022552063068783657,0.07844740196622146,0.08030753939814383,-0.0018601374319223707,0.967006135928859,0.967006135928859,0.0,0.33238527178764343,0.33250046367072816,-0.00011519188308473094
176,0.5913035180630623,0.5918010515132316,-0.0004975334501693407,2.0372525949556923,2.0544467637874697,-0.01719416883177738,0.6712295073087925,0.6735674570860452,-0.002337949777252657,0.07992598924573024,0.08176640557281356,-0.0018404163270833163,0.9692379763883152,0.9692379763883152,0.0,0.33334240317344666,0.33338839307815354,-4.598990470688902e-5
177,0.5899587060251453,0.590547259370314,-0.0005885533451687186,2.022349428375647,2.0405836667736392,-0.018234238397992097,0.6704589438945632,0.6728770350074947,-0.002418091112931564,0.08050023786941785,0.08232977563718069,-0.0018295377677628455,0.9693276938136576,0.9693276938136576,0.0,0.3343082070350647,0.33429389865962383,1.4308375440863497e-5
178,0.5964537905355712,0.5973041703403508,-0.000850379804779533,2.0087142165946634,2.027929233289605,-0.01921501669494141,0.6907456270379205,0.6930965064962813,-0.002350879458360766,0.09429183650234929,0.09579233615593052,-0.0015004996535812332,1.0039682080660137,1.0039682080660137,0.0,0.332869291305542,0.3326192434965197,0.0002500478090222691
179,0.5993047809800552,0.6002972882852733,-0.0009925073052180489,2.009505289408429,2.029326393440644,-0.01982110403221471,0.698476444105178,0.700778089180534,-0.002301645075356018,0.09917166312512271,0.10048080089526068,-0.0013091377701379692,1.0166239896866456,1.0166239896866456,0.0,0.33200138807296753,0.3316257059082365,0.00037568216473105043
180,0.592071407321679,0.592891808588335,-0.0008204012666560567,2.0151393663285497,2.035346983922415,-0.020207617593865468,0.6775340938750325,0.6800356356998596,-0.0025015418248270915,0.08546268655335354,0.08714382711152457,-0.0016811405581710348,0.981617678740254,0.981617678740254,0.0,0.33393874764442444,0.3337454943667082,0.00019325327771624323
181,0.5872236202882966,0.5880413189319829,-0.0008176986436863043,2.0068022140924575,2.0277503567693085,-0.020948142676850967,0.6661160397262325,0.6687138066952804,-0.002597766969047899,0.0788924194379359,0.0806724877632975,-0.0017800683253615945,0.9636042816401345,0.9636042816401345,0.0,0.3357362151145935,0.33556599243259766,0.00017022268199584634
182,0.5887402727173467,0.5896747248728264,-0.0009344521554796037,1.9922828689102956,2.0140359947948934,-0.021753125884597768,0.6729431109973988,0.675586527579329,-0.0026434165819302358,0.08420283828005204,0.08591180270650267,-0.001708964426450632,0.9762009757501976,0.9762009757501976,0.0,0.33581632375717163,0.3355538795365986,0.00026244422057303263
183,0.5871225481896684,0.588106601352828,-0.0009840531631596372,1.9837497827926043,2.006199317974595,-0.022449535181990887,0.6702443473210216,0.67294871052217,-0.0027043632011484187,0.0831217991313532,0.08484210916934198,-0.0017203100379887815,0.9725480728514577,0.9725480728514577,0.0,0.3366422951221466,0.3363494780321207,0.0002928170900259319
184,0.5823279732073539,0.5833282564640088,-0.0010002832566549102,1.9745328519414445,1.9976577258725123,-0.02312487393106788,0.6592948514287171,0.6620599799979678,-0.0027651285692507077,0.07696687822136328,0.07873172353395907,-0.0017648453125957975,0.9552994286564014,0.9552994286564014,0.0,0.33851364254951477,0.3382196802532513,0.0002939622962634947
185,0.5810176765188092,0.582084911502102,-0.001067234983292753,1.9595900259054717,1.9834033384831724,-0.023813312577700696,0.65868524131078,0.6615098708015864,-0.0028246294908064185,0.07766756479197079,0.07942495929948445,-0.0017573945075136654,0.9556696497758057,0.9556696497758057,0.0,0.33951231837272644,0.3391707895628192,0.0003415288099072322
186,0.5838687961836131,0.5850483976839992,-0.001179601500386096,1.9460434386667433,1.9705056939405572,-0.02446225527381385,0.6688120356579472,0.6716857017850654,-0.0028736661271181463,0.08494323947433413,0.08663730410106618,-0.0016940646267320503,0.9737613830968047,0.9737613830968047,0.0,0.3391168713569641,0.3386856963864325,0.00043117497053163367
187,0.5769004058068069,0.5780749750136427,-0.001174569206835785,1.9404030868151967,1.9654207481993886,-0.025017661384191925,0.6515836816595059,0.6544817344004438,-0.0028980527409379064,0.07468327585269896,0.07640675938680108,-0.0017234835341021215,0.9456469091702963,0.9456469091702963,0.0,0.3416134715080261,0.34119150806957826,0.0004219634384478588
188,0.579136410602136,0.5803904384080508,-0.0012540278059147703,1.9247653160092626,1.950341949606932,-0.025576633597669485,0.6603782020557802,0.6633539810461195,-0.002975778990339295,0.08124179145364419,0.08296354263806871,-0.0017217511844245248,0.9617702212190744,0.9617702212190744,0.0,0.34148111939430237,0.3410024800991606,0.0004786392951417473
189,0.5875258090877181,0.5889949856399233,-0.0014691765522051314,1.9164139610205728,1.9425218156843411,-0.026107854663768304,0.6843950058365448,0.6873355386553687,-0.0029405328188238933,0.09686919674882666,0.09834055301544542,-0.0014713562666187618,1.0026888512470336,1.0026888512470336,0.0,0.339091420173645,0.3384217483628943,0.0006696718107507271
190,0.5829092160992966,0.5842937017839238,-0.0013844856846272346,1.9240787466000207,1.9504427003628295,-0.026363953762808867,0.670508273325848,0.6735134733152108,-0.0030051999893628834,0.08759905722655137,0.08921977153128702,-0.0016207143047356487,0.9787205888812102,0.9787205888812102,0.0,0.34027835726737976,0.33969364025603827,0.0005847170113414957
191,0.5786221876083709,0.5799862980831202,-0.0013641104747492694,1.9221166155212188,1.9488741056306902,-0.02675749010947137,0.659535888819391,0.6625807685346955,-0.003044879715304538,0.08091370121102004,0.08259447045157531,-0.0016807692405552688,0.9606189436639909,0.9606189436639909,0.0,0.34175488352775574,0.3411945143631848,0.0005603691645709175
192,0.5736176677107659,0.5750099442624099,-0.0013922765516439783,1.9135604608587515,1.9407532240904368,-0.02719276323168529,0.6481726097931925,0.6512114235485219,-0.003038813755329439,0.07455494208242652,0.07620147928611198,-0.0016465372036854609,0.9424505721857938,0.9424505721857938,0.0,0.3437773287296295,0.34318822117737013,0.0005891075522593825
193,0.5721876105798674,0.5736253298844525,-0.0014377193045850278,1.8990438152676017,1.9266173586789213,-0.027573543411319568,0.6472373366224856,0.650312932843659,-0.003075596221173371,0.07504972604261817,0.07668760295920651,-0.0016378769165883433,0.9422478924535743,0.9422478924535743,0.0,0.344844251871109,0.34421878327925953,0.0006254685918494762
194,0.5731300788007088,0.5746132626413817,-0.0014831838406729192,1.8856976681995987,1.913625607111754,-0.02792793891215517,0.6521916598532339,0.6553336755348478,-0.0031420156816138745,0.07906158105252514,0.0807204128934661,-0.0016588318409409553,0.9518315842349956,0.9518315842349956,0.0,0.3450493812561035,0.34439447970237175,0.0006549015537317682
195,0.5699074883356975,0.5714301248619983,-0.0015226365263008024,1.8769846068436353,1.9052713999319337,-0.0282867930882984,0.645566767205883,0.6487024645422388,-0.0031356973363557694,0.07565927887018553,0.0772723396802405,-0.001613060810054967,0.9415369423308648,0.9415369423308648,0.0,0.34652018547058105,0.3458253653039745,0.0006948201666065468
196,0.568793293229385,0.5703545122893241,-0.0015612190599391118,1.8652748151303924,1.8938579875744068,-0.028583172444014426,0.6449380926881428,0.6481021072829165,-0.0031640145947736675,0.07614479945875785,0.0777475949935924,-0.0016027955348345557,0.9416012523429141,0.9416012523429141,0.0,0.3473846912384033,0.3466576281566494,0.0007270630817539092
197,0.5705463650139685,0.5721457115989184,-0.0015993465849498678,1.8545956063439961,1.883451097129983,-0.028855490785986815,0.6514677192645747,0.6547001477343174,-0.0032324284697426986,0.0809213542506062,0.08255443613539903,-0.0016330818847928308,0.953651041898909,0.953651041898909,0.0,0.34719640016555786,0.346447679280646,0.0007487208849118465
198,0.577967857060626,0.579696350129402,-0.0017284930687759825,1.8491900435577788,1.8783354632788707,-0.02914541972109186,0.6719764942834194,0.6752370940158038,-0.0032605997323843505,0.0940086372227934,0.09554074388640177,-0.001532106663608368,0.9888021253571596,0.9888021253571596,0.0,0.3448616564273834,0.3440086348237119,0.000853021603671511
199,0.587617034261092,0.5895422308457643,-0.001925196584672273,1.8571233795507673,1.8864442574986549,-0.029320877947887514,0.6962863025595063,0.699446397823843,-0.003160095264336693,0.10866926829841428,0.1099041669780787,-0.0012348986796644201,1.0290980946331962,1.0290980946331962,0.0,0.3413301408290863,0.34030135444460713,0.0010287863844791745
