t,consumption_nn,consumption_ti,consumption_diff,capital_nn,capital_ti,capital_diff,output_nn,output_ti,output_diff,investment_nn,investment_ti,investment_diff,productivity_nn,productivity_ti,productivity_diff
0.000000000000000000e+00,8.456837840822842844e-01,8.528257698148614674e-01,-7.141985732577182944e-03,8.906838297843933105e-01,8.906838764841019662e-01,-4.669970865567307783e-08,9.768725909024552623e-01,9.768726012549850957e-01,-1.035252983339063348e-08,1.311888068201709778e-01,1.240468314401236283e-01,7.141975380047349553e-03,1.000000000000000000e+00,1.000000000000000000e+00,0.000000000000000000e+00
1.000000000000000000e+00,8.649001894586008099e-01,8.693884201935320188e-01,-4.488230734931208943e-03,8.978430075113438269e-01,8.907010723279705777e-01,7.141935183373249174e-03,1.005820602809582187e+00,1.004198282586691970e+00,1.622320222890216712e-03,1.409204133509813772e-01,1.348098623931599516e-01,6.110550957821425655e-03,1.027968603771038936e+00,1.027968603771038936e+00,0.000000000000000000e+00
2.000000000000000000e+00,8.704743458197311545e-01,8.730726378185658110e-01,-2.598291998834656447e-03,9.137368609521376861e-01,9.014789045668230028e-01,1.225795638531468335e-02,1.008107676635843220e+00,1.005359411316430585e+00,2.748265319412634966e-03,1.376333308161120650e-01,1.322867734978647736e-01,5.346557318247291413e-03,1.026658271191233984e+00,1.026658271191233984e+00,0.000000000000000000e+00
3.000000000000000000e+00,8.668376128846887463e-01,8.680203565796795750e-01,-1.182743694990828764e-03,9.241303787583615703e-01,9.082328117097977493e-01,1.589756704856382097e-02,9.974396328743385665e-01,9.939473999145936878e-01,3.492232959744878684e-03,1.306020199896498202e-01,1.259270433349141127e-01,4.674976654735707449e-03,1.013474335402905213e+00,1.013474335402905213e+00,0.000000000000000000e+00
4.000000000000000000e+00,8.613156217978513718e-01,8.614697721704094313e-01,-1.541503725580595230e-04,9.260452661446015865e-01,9.076864926688310575e-01,1.835877347577052898e-02,9.873846740982153980e-01,9.833964629316946926e-01,3.988211166520705397e-03,1.260690523003640262e-01,1.219266907612852613e-01,4.142361539078764920e-03,1.002838072079969445e+00,1.002838072079969445e+00,0.000000000000000000e+00
5.000000000000000000e+00,8.648321391959892246e-01,8.643295282832171855e-01,5.026109127720390646e-04,9.231605336757383595e-01,9.032158971496486721e-01,1.994463652608968740e-02,9.945228528137941559e-01,9.901420112582474120e-01,4.380841555546743926e-03,1.296907136178049313e-01,1.258124829750302265e-01,3.878230642774704862e-03,1.010725153128663401e+00,1.010725153128663401e+00,0.000000000000000000e+00
6.000000000000000000e+00,8.631411269340848458e-01,8.621907778949385870e-01,9.503490391462587894e-04,9.242991676930660816e-01,9.032536338359883343e-01,2.104553385707774726e-02,9.912018432923545008e-01,9.865981247240426244e-01,4.603718568311876425e-03,1.280607163582696550e-01,1.244073468291040374e-01,3.653369529165617635e-03,1.007099091407362979e+00,1.007099091407362979e+00,0.000000000000000000e+00
7.000000000000000000e+00,8.524503813921716633e-01,8.510926456573441046e-01,1.357735734827558716e-03,9.236492472276108812e-01,9.018809794620837872e-01,2.176826776552709397e-02,9.736146388530917406e-01,9.689325017413088492e-01,4.682137111782891381e-03,1.211642574609200773e-01,1.178398560839647446e-01,3.324401376955332665e-03,9.893704692876533757e-01,9.893704692876533757e-01,0.000000000000000000e+00
8.000000000000000000e+00,8.543965396937908130e-01,8.528531040446770684e-01,1.543435649113744645e-03,9.161933706802553035e-01,8.941319794016741040e-01,2.206139127858119942e-02,9.801667274199170610e-01,9.753497308695264767e-01,4.816996550390584275e-03,1.257701877261262480e-01,1.224966268248494083e-01,3.273560901276839630e-03,9.976616259000625764e-01,9.976616259000625764e-01,0.000000000000000000e+00
9.000000000000000000e+00,8.535125384066368781e-01,8.518561269576748751e-01,1.656411448962002986e-03,9.143816711606603809e-01,8.921188149210926843e-01,2.226285623956769655e-02,9.794891080120710081e-01,9.746213277426523103e-01,4.867780269418697792e-03,1.259765696054341300e-01,1.227652007849774352e-01,3.211368820456694806e-03,9.973708599632935545e-01,9.973708599632935545e-01,0.000000000000000000e+00
1.000000000000000000e+01,8.544265865251218228e-01,8.527150915197215797e-01,1.711495005400243130e-03,9.130286365549693528e-01,8.906545618621272142e-01,2.237407469284213857e-02,9.816137316916223599e-01,9.767034410736000760e-01,4.910290618022283837e-03,1.271871451665005370e-01,1.239883495538784963e-01,3.198795612622040707e-03,9.998334863463403943e-01,9.998334863463403943e-01,0.000000000000000000e+00
1.100000000000000000e+01,8.485503443380334465e-01,8.467495485555467383e-01,1.800795782486708241e-03,9.130745904742748609e-01,8.906173579435853194e-01,2.245723253068954151e-02,9.717660147700052375e-01,9.668869851977566210e-01,4.879029572248616553e-03,1.232156704319717910e-01,1.201374366422098827e-01,3.078233789761908312e-03,9.897929166029352244e-01,9.897929166029352244e-01,0.000000000000000000e+00
1.200000000000000000e+01,8.535881423065210249e-01,8.518049700385982304e-01,1.783172267922794596e-03,9.091426704774606682e-01,8.867344218386370436e-01,2.240824863882362461e-02,9.819275794433610649e-01,9.769869034522130624e-01,4.940675991148002488e-03,1.283394371368400400e-01,1.251819334136148321e-01,3.157503723225207892e-03,1.001015764801780339e+00,1.001015764801780339e+00,0.000000000000000000e+00
1.300000000000000000e+01,8.482272996746799132e-01,8.464023351969747200e-01,1.824964477705193211e-03,9.108820454581985082e-01,8.884366896660239599e-01,2.244535579217454835e-02,9.721957846231695788e-01,9.673053437770149365e-01,4.890440846154642252e-03,1.239684849484896656e-01,1.209030085800402166e-01,3.065476368449449041e-03,9.907119680806621975e-01,9.907119680806621975e-01,0.000000000000000000e+00
1.400000000000000000e+01,8.498844418661295474e-01,8.480652626351773415e-01,1.819179230952205906e-03,9.080082565627781710e-01,8.856229882225312711e-01,2.238526834024689993e-02,9.762390924861977792e-01,9.713259346759554047e-01,4.913157810242374524e-03,1.263546506200682318e-01,1.232606720407780632e-01,3.093978579290168618e-03,9.954678857144906301e-01,9.954678857144906301e-01,0.000000000000000000e+00
1.500000000000000000e+01,8.433449852594901985e-01,8.414691776846956461e-01,1.875807574794552401e-03,9.079208145916684014e-01,8.855587641862582293e-01,2.236205040541017208e-02,9.653372048599830890e-01,9.604835308311459041e-01,4.853674028837184906e-03,1.219922196004928905e-01,1.190143531464502580e-01,2.977866454042632505e-03,9.843704269379750516e-01,9.843704269379750516e-01,0.000000000000000000e+00
1.600000000000000000e+01,8.509057943745355068e-01,8.491014570174438836e-01,1.804337357091623240e-03,9.034831180825600994e-01,8.812571645901285944e-01,2.222595349243150498e-02,9.799441258857154446e-01,9.750230014917465882e-01,4.921124393968856481e-03,1.290383315111799378e-01,1.259215444743027046e-01,3.116787036877233241e-03,1.000255465771663133e+00,1.000255465771663133e+00,0.000000000000000000e+00
1.700000000000000000e+01,8.585174975011696796e-01,8.567965678540290231e-01,1.720929647140656549e-03,9.067094922183689398e-01,8.844617632697430176e-01,2.224772894862592221e-02,9.912232578753356060e-01,9.862584728338049667e-01,4.964785041530639376e-03,1.327057603741659264e-01,1.294619049797759436e-01,3.243855394389982827e-03,1.011039656847454005e+00,1.011039656847454005e+00,0.000000000000000000e+00
1.800000000000000000e+01,8.696293474705262261e-01,8.680191453693991699e-01,1.610202101127056196e-03,9.131540157152814308e-01,8.907604752318161179e-01,2.239354048346531290e-02,1.006950449018074289e+00,1.001909690545310871e+00,5.040758472763418041e-03,1.373211015475480634e-01,1.338905451759117016e-01,3.430556371636361845e-03,1.025612013593392158e+00,1.025612013593392158e+00,0.000000000000000000e+00
1.900000000000000000e+01,8.724187465736399361e-01,8.708379413802848079e-01,1.580805193355128146e-03,9.233164666992871306e-01,9.006107182719554904e-01,2.270574842733164012e-02,1.007122356860881363e+00,1.002066571886751412e+00,5.055784974129950982e-03,1.347036102872414265e-01,1.312286305064666037e-01,3.474979780774822835e-03,1.023494981394504677e+00,1.023494981394504677e+00,0.000000000000000000e+00
2.000000000000000000e+01,8.963357100172133496e-01,8.949600281575859073e-01,1.375681859627442272e-03,9.294462833788723621e-01,9.064273792227502957e-01,2.301890415612206642e-02,1.044542666408418308e+00,1.039261394388075077e+00,5.281272020343230622e-03,1.482069563912049581e-01,1.443013662304891698e-01,3.905590160715788350e-03,1.060104842111138312e+00,1.060104842111138312e+00,0.000000000000000000e+00
2.100000000000000000e+01,9.016524098224247830e-01,9.002884766360325086e-01,1.363933186392274344e-03,9.482258560738230369e-01,9.245067934142628951e-01,2.371906265956014170e-02,1.045134296770540150e+00,1.039796602991633900e+00,5.337693778906249520e-03,1.434818869481153669e-01,1.395081263556013917e-01,3.973760592513975176e-03,1.056425270365132896e+00,1.056425270365132896e+00,0.000000000000000000e+00
2.200000000000000000e+01,9.156018355362733896e-01,9.142554747314336483e-01,1.346360804839741299e-03,9.596652636452698282e-01,9.352753706202060480e-01,2.438989302506378021e-02,1.063478688362721192e+00,1.057959367784530258e+00,5.519320578190933801e-03,1.478768528264478022e-01,1.437038930530966097e-01,4.172959773351192503e-03,1.072365453290502035e+00,1.072365453290502035e+00,0.000000000000000000e+00
2.300000000000000000e+01,9.249445591038247816e-01,9.235384573381558715e-01,1.406101765668910097e-03,9.739066751138305555e-01,9.487401671061975739e-01,2.516650800763298168e-02,1.072815004380682558e+00,1.067152970297263082e+00,5.662034083419476005e-03,1.478704452768577760e-01,1.436145129591072100e-01,4.255932317750565907e-03,1.078563601731851840e+00,1.078563601731851840e+00,0.000000000000000000e+00
2.400000000000000000e+01,9.181875589094379286e-01,9.165964408053076662e-01,1.591118104130262445e-03,9.861585320134633736e-01,9.602405817769071872e-01,2.591795023655618646e-02,1.056122330799857290e+00,1.050452263796033847e+00,5.670067003823442420e-03,1.379347718904193609e-01,1.338558229907261810e-01,4.078948899693179975e-03,1.059101871804865036e+00,1.059101871804865036e+00,0.000000000000000000e+00
2.500000000000000000e+01,9.054278341482580039e-01,9.034918804073551746e-01,1.935953740902829345e-03,9.867686182380916993e-01,9.603808491289079763e-01,2.638776910918372298e-02,1.034428662068624050e+00,1.028776828734381033e+00,5.651833334243017148e-03,1.290008279203660457e-01,1.252849483270258579e-01,3.715879593340187803e-03,1.037217335030386156e+00,1.037217335030386156e+00,0.000000000000000000e+00
2.600000000000000000e+01,9.082702520747464314e-01,9.062481258713926957e-01,2.022126203353735718e-03,9.783598046804860004e-01,9.519307092883121380e-01,2.642909539217386250e-02,1.042906813049314430e+00,1.037150043645258091e+00,5.756769404056338857e-03,1.346365609745679981e-01,1.309019177738653950e-01,3.734643200702603139e-03,1.047528784694281789e+00,1.047528784694281789e+00,0.000000000000000000e+00
2.700000000000000000e+01,9.079055650244766129e-01,9.058367301140340944e-01,2.068834910442518549e-03,9.767576694573131268e-01,9.502742389481187990e-01,2.648343050919432784e-02,1.043002102265664144e+00,1.037223272182924649e+00,5.778830082739494500e-03,1.350965372411875309e-01,1.313865420688905550e-01,3.709995172296975952e-03,1.047971594092163672e+00,1.047971594092163672e+00,0.000000000000000000e+00
2.800000000000000000e+01,9.159871584175177661e-01,9.139962135961559042e-01,1.990944821361861905e-03,9.758386112586744376e-01,9.493330599421713201e-01,2.650555131650311758e-02,1.056985989393631531e+00,1.051119153466808731e+00,5.866835926822799863e-03,1.409988309761137648e-01,1.371229398706528269e-01,3.875891105460937958e-03,1.062224202908670367e+00,1.062224202908670367e+00,0.000000000000000000e+00
2.900000000000000000e+01,9.271286773007826332e-01,9.252162609452844189e-01,1.912416355498214315e-03,9.809498276156308760e-01,9.542593399284045041e-01,2.669048768722637188e-02,1.073375875727906381e+00,1.067407643175122711e+00,5.968232552783669931e-03,1.462471984271237480e-01,1.421913822298382923e-01,4.055816197285455615e-03,1.077556903834378632e+00,1.077556903834378632e+00,0.000000000000000000e+00
3.000000000000000000e+01,9.351497732933640172e-01,9.332590703248579977e-01,1.890702968506019488e-03,9.905976636094241394e-01,9.635680672449814521e-01,2.702959636444268732e-02,1.082492015767332116e+00,1.076455798650296503e+00,6.036217117035613811e-03,1.473422424739680991e-01,1.431967283254385048e-01,4.145514148529594323e-03,1.084560931913984394e+00,1.084560931913984394e+00,0.000000000000000000e+00
3.100000000000000000e+01,9.439764351917693253e-01,9.420445772765084769e-01,1.931857915260848380e-03,9.999970618444560255e-01,9.725858804604461394e-01,2.741118138400988613e-02,1.092997289143005091e+00,1.086874234063049727e+00,6.123055079955364022e-03,1.490208539512357655e-01,1.448296567865412499e-01,4.191197164694515642e-03,1.092997938244498979e+00,1.092997938244498979e+00,0.000000000000000000e+00
3.200000000000000000e+01,9.490384376271373545e-01,9.471073252149562194e-01,1.931112412181135163e-03,1.009766185240639658e+00,9.819808723513498983e-01,2.778531288928975940e-02,1.097135532456514184e+00,1.090965414610284734e+00,6.170117846229450365e-03,1.480970948293768297e-01,1.438580893953285145e-01,4.239005434048315202e-03,1.094982430498596893e+00,1.094982430498596893e+00,0.000000000000000000e+00
3.300000000000000000e+01,9.519400139586475795e-01,9.499908925689547479e-01,1.949121389692831663e-03,1.017251178179057192e+00,9.890960241277730880e-01,2.815515405128410364e-02,1.098708084708407418e+00,1.092492538789560319e+00,6.215545918847098505e-03,1.467680707497598380e-01,1.425016462206055712e-01,4.266424529154266843e-03,1.094916252010748492e+00,1.094916252010748492e+00,0.000000000000000000e+00
3.400000000000000000e+01,9.544997889329963625e-01,9.524910116143920913e-01,2.008777318604271223e-03,1.022364845755547647e+00,9.938639326203194679e-01,2.850091313522817860e-02,1.100729643433127958e+00,1.094457208295940509e+00,6.272435137187448717e-03,1.462298545001315953e-01,1.419661966815484178e-01,4.263657818583177495e-03,1.095819634232151119e+00,1.095819634232151119e+00,0.000000000000000000e+00
3.500000000000000000e+01,9.498900492499858794e-01,9.479041593349338823e-01,1.985889915051997079e-03,1.026228207930671488e+00,9.974324501143303490e-01,2.879575781634113874e-02,1.091510762271434398e+00,1.085249706736411968e+00,6.261055535022430618e-03,1.416207130214485188e-01,1.373455474014780853e-01,4.275165619970433539e-03,1.085813782598995969e+00,1.085813782598995969e+00,0.000000000000000000e+00
3.600000000000000000e+01,9.596735465433400281e-01,9.573942400979723599e-01,2.279306445367668132e-03,1.024944447177792206e+00,9.958833946316746344e-01,2.906105254611757172e-02,1.108080535291724233e+00,1.101657069424033075e+00,6.423465867691158238e-03,1.484069887483842054e-01,1.442628293260607153e-01,4.144159422323490105e-03,1.102575994595534681e+00,1.102575994595534681e+00,0.000000000000000000e+00
3.700000000000000000e+01,9.471037249781588674e-01,9.450662728074464836e-01,2.037452170712383825e-03,1.030625728583549616e+00,1.001467330364074648e+00,2.915839821947496802e-02,1.085013126610325562e+00,1.078737258718542869e+00,6.275867891782693775e-03,1.379094016321666949e-01,1.336709859110963849e-01,4.238415721070309949e-03,1.078417605727907125e+00,1.078417605727907125e+00,0.000000000000000000e+00
3.800000000000000000e+01,9.489392425180889212e-01,9.467142519082260010e-01,2.224990609862920188e-03,1.025018292281102639e+00,9.956818476828291908e-01,2.933644459827344786e-02,1.090460313601882003e+00,1.084078853129049724e+00,6.381460472832278796e-03,1.415210710837930819e-01,1.373646012208237233e-01,4.156469862969358608e-03,1.085027503369333068e+00,1.085027503369333068e+00,0.000000000000000000e+00
3.900000000000000000e+01,9.513450816631987550e-01,9.490438877031351916e-01,2.301193960063563360e-03,1.023803372933626443e+00,9.943956211538690360e-01,2.940775177975740728e-02,1.094943660251107787e+00,1.088512493488215327e+00,6.431166762892459587e-03,1.435985785879090315e-01,1.394686057850801353e-01,4.129972802828896228e-03,1.089749709120866328e+00,1.089749709120866328e+00,0.000000000000000000e+00
4.000000000000000000e+01,9.510278535098017905e-01,9.487385848942605504e-01,2.289268615541240059e-03,1.024835141208964462e+00,9.953925089854610553e-01,2.944263222350340659e-02,1.093981364918166443e+00,1.087554692156126102e+00,6.426672762040341880e-03,1.429535114083646530e-01,1.388161072618655512e-01,4.137404146499101820e-03,1.088570329628592903e+00,1.088570329628592903e+00,0.000000000000000000e+00
4.100000000000000000e+01,9.563184599887879500e-01,9.539436541412017467e-01,2.374805847586203278e-03,1.025078166364743248e+00,9.955980795302489250e-01,2.948008683449432343e-02,1.102555335365883460e+00,1.096071513430683542e+00,6.483821935199918229e-03,1.462368753770955099e-01,1.421278592894817949e-01,4.109016087613714951e-03,1.097049314083729188e+00,1.097049314083729188e+00,0.000000000000000000e+00
4.200000000000000000e+01,9.434226183110062669e-01,9.412117040596911233e-01,2.210914251315143630e-03,1.028570713716309815e+00,9.990867759644320723e-01,2.948393775187774235e-02,1.079785576423856197e+00,1.073456634524994957e+00,6.328941898861240034e-03,1.363629581128499302e-01,1.322449304653038338e-01,4.118027647546096404e-03,1.073654886851272527e+00,1.073654886851272527e+00,0.000000000000000000e+00
4.300000000000000000e+01,9.414987628241453521e-01,9.391603781147056518e-01,2.338384709439700337e-03,1.021702999111923305e+00,9.922067351312152672e-01,2.949626398070803734e-02,1.079559864439762817e+00,1.073186516336721352e+00,6.373348103041465151e-03,1.380611016156174653e-01,1.340261382220157005e-01,4.034963393601764814e-03,1.074884970620069824e+00,1.074884970620069824e+00,0.000000000000000000e+00
4.400000000000000000e+01,9.428001435022691501e-01,9.404163222662067501e-01,2.383821236062400040e-03,1.017489771963810741e+00,9.880659624619559933e-01,2.942380950185474742e-02,1.083543424322289228e+00,1.077135722293757425e+00,6.407702028531803151e-03,1.407432808200200780e-01,1.367194000275506749e-01,4.023880792469403112e-03,1.079752743698617401e+00,1.079752743698617401e+00,0.000000000000000000e+00
4.500000000000000000e+01,9.278802996328527897e-01,9.254046797480168784e-01,2.475619884835911222e-03,1.016545424915515472e+00,9.871950630524350956e-01,2.935036186308037642e-02,1.059023514939596122e+00,1.052770760655846960e+00,6.252754283749162312e-03,1.311432153067433326e-01,1.273660809078300815e-01,3.777134398913251090e-03,1.055516697276038585e+00,1.055516697276038585e+00,0.000000000000000000e+00
4.600000000000000000e+01,9.191994669611971425e-01,9.166033517971634570e-01,2.596115164033685474e-03,1.006132514701037373e+00,9.770921191294323904e-01,2.904039557160498219e-02,1.049021272841229813e+00,1.042829584537777965e+00,6.191688303451847730e-03,1.298218058800326702e-01,1.262262327406145079e-01,3.595573139418162256e-03,1.047725752346654993e+00,1.047725752346654993e+00,0.000000000000000000e+00
4.700000000000000000e+01,9.027921948049749679e-01,9.000551629375441731e-01,2.737031867430794740e-03,9.958482150877134842e-01,9.672561835977562250e-01,2.859203148995725918e-02,1.026034360849868765e+00,1.020010648412247534e+00,6.023712437621231430e-03,1.232421660448937972e-01,1.199554854747033605e-01,3.286680570190436690e-03,1.026897539030879658e+00,1.026897539030879658e+00,0.000000000000000000e+00
4.800000000000000000e+01,9.009348229285167875e-01,8.982534415972616149e-01,2.681381331255172640e-03,9.804163863657168188e-01,9.525191758689011134e-01,2.789721049681570531e-02,1.029691282567587463e+00,1.023700794827555605e+00,5.990487740031857911e-03,1.287564596390706750e-01,1.254473532302939898e-01,3.309106408776685271e-03,1.033815806596900533e+00,1.033815806596900533e+00,0.000000000000000000e+00
4.900000000000000000e+01,9.060093583416494178e-01,9.035224988397304591e-01,2.486859501918958770e-03,9.726477664069113072e-01,9.453261957546479355e-01,2.732157065226337167e-02,1.041633691848363963e+00,1.035652256811186556e+00,5.981435037177407210e-03,1.356243335067145450e-01,1.321297579714560966e-01,3.494575535258448440e-03,1.047489028570026237e+00,1.047489028570026237e+00,0.000000000000000000e+00
5.000000000000000000e+01,9.074061468859745405e-01,9.050654698518766361e-01,2.340677034097904397e-03,9.728288172675255696e-01,9.458172582532823336e-01,2.701155901424323602e-02,1.043899843894066537e+00,1.037975299506266547e+00,5.924544387799990375e-03,1.364936970080919965e-01,1.329098296543899105e-01,3.583867353702085978e-03,1.049728427470303149e+00,1.049728427470303149e+00,0.000000000000000000e+00
5.100000000000000000e+01,9.102104100820341825e-01,9.079896741504269730e-01,2.220735931607209501e-03,9.738540199097823757e-01,9.470200109311898151e-01,2.683400897859256062e-02,1.048157709211912092e+00,1.042254831982865282e+00,5.902877229046810115e-03,1.379472991298779094e-01,1.342651578324383088e-01,3.682141297439600613e-03,1.053785698379646085e+00,1.053785698379646085e+00,0.000000000000000000e+00
5.200000000000000000e+01,9.164974144655225752e-01,9.144043301766328069e-01,2.093084288889768274e-03,9.761900630122651856e-01,9.494106059032174638e-01,2.677945710904772181e-02,1.057687700330478098e+00,1.051757782485552628e+00,5.929917844925469694e-03,1.411902858649555226e-01,1.373534523089198212e-01,3.836833556035701420e-03,1.062852031449172285e+00,1.062852031449172285e+00,0.000000000000000000e+00
5.300000000000000000e+01,9.239888526055517470e-01,9.219929687095416160e-01,1.995883896010131053e-03,9.814437938493746350e-01,9.545565998867170387e-01,2.688719396265759620e-02,1.067926416559043856e+00,1.061947277619945229e+00,5.979138939098627148e-03,1.439375639534921092e-01,1.399543089104036131e-01,3.983255043088496095e-03,1.071977132432383018e+00,1.071977132432383018e+00,0.000000000000000000e+00
5.400000000000000000e+01,9.265575091940416730e-01,9.245902665489086347e-01,1.967242645133038259e-03,9.887132095145478861e-01,9.615868597986174660e-01,2.712634971593042010e-02,1.069030790229755778e+00,1.063036528930453972e+00,5.994261299301806289e-03,1.424732810357141055e-01,1.384462623815453375e-01,4.027018654168768030e-03,1.071486287457584563e+00,1.071486287457584563e+00,0.000000000000000000e+00
5.500000000000000000e+01,9.249010097581346068e-01,9.228883331237913712e-01,2.012676634343235627e-03,9.935060605762029429e-01,9.661300944462837270e-01,2.737596612991921585e-02,1.064154947095591108e+00,1.058161877761782721e+00,5.993069333808387356e-03,1.392539373374565015e-01,1.352735446379913498e-01,3.980392699465151729e-03,1.065557215119584011e+00,1.065557215119584011e+00,0.000000000000000000e+00
5.600000000000000000e+01,9.114064185949817265e-01,9.091699180191773477e-01,2.236500575804378776e-03,9.944121531740036657e-01,9.668679562045516818e-01,2.754419696945198393e-02,1.041094809028267232e+00,1.035200607257743100e+00,5.894201770524132300e-03,1.296883904332855053e-01,1.260306892385657518e-01,3.657701194719753524e-03,1.042274626797751624e+00,1.042274626797751624e+00,0.000000000000000000e+00
5.700000000000000000e+01,8.988987615986875346e-01,8.964807688641999173e-01,2.417992734487617312e-03,9.856265235346239884e-01,9.582602137347527860e-01,2.736630979987120238e-02,1.023995649127144025e+00,1.018184195679071813e+00,5.811453448072212424e-03,1.250968875284564907e-01,1.217034268148718956e-01,3.393460713584595112e-03,1.026996562905723387e+00,1.026996562905723387e+00,0.000000000000000000e+00
5.800000000000000000e+01,8.837870074175420143e-01,8.812499880188239265e-01,2.537019398718087793e-03,9.734728087163061483e-01,9.465238553981617509e-01,2.694895331814439743e-02,1.004084655035947016e+00,9.984032381526304345e-01,5.681416883316581234e-03,1.202976476184050014e-01,1.171532501338065080e-01,3.144397484598493442e-03,1.009555887055320955e+00,1.009555887055320955e+00,0.000000000000000000e+00
5.900000000000000000e+01,8.830880547315353990e-01,8.805783353149356785e-01,2.509719416599720532e-03,9.582122847816849642e-01,9.318716333911557514e-01,2.634065139052921278e-02,1.009593568598649460e+00,1.003921450817252037e+00,5.672117781397423286e-03,1.265055138671140611e-01,1.233431155023163583e-01,3.162398364797702754e-03,1.018341879289861973e+00,1.018341879289861973e+00,0.000000000000000000e+00
6.000000000000000000e+01,8.815922874645232277e-01,8.791800324266657585e-01,2.412255037857469198e-03,9.512846877066043483e-01,9.254496300184871238e-01,2.583505768811722447e-02,1.010134474549910788e+00,1.004528471532728284e+00,5.606003017182503712e-03,1.285421870853875603e-01,1.253484391060625258e-01,3.193747979325034514e-03,1.020382875302666248e+00,1.020382875302666248e+00,0.000000000000000000e+00
6.100000000000000000e+01,8.872402118215811928e-01,8.849927524802293499e-01,2.247459341351842887e-03,9.473584465654782960e-01,9.219272279603661913e-01,2.543121860511210475e-02,1.021318129674285258e+00,1.015716253197331165e+00,5.601876476954092965e-03,1.340779178527040649e-01,1.307235007171018148e-01,3.354417135602250077e-03,1.032542792370699791e+00,1.032542792370699791e+00,0.000000000000000000e+00
6.200000000000000000e+01,8.847533757444639990e-01,8.825853517581275787e-01,2.168023986336420350e-03,9.495146736715465163e-01,9.242703895367599953e-01,2.524428413478652100e-02,1.016198971373861504e+00,1.010679288469704673e+00,5.519682904156830716e-03,1.314455956293975047e-01,1.280939367115770944e-01,3.351658917820410366e-03,1.026895385277455164e+00,1.026895385277455164e+00,0.000000000000000000e+00
6.300000000000000000e+01,8.919391065179552713e-01,8.899053733373799568e-01,2.033733180575314492e-03,9.487383193161101902e-01,9.236576968444544233e-01,2.508062247165576686e-02,1.028591045784961411e+00,1.023036073170393356e+00,5.554972614568054468e-03,1.366519392670061395e-01,1.331306998330133995e-01,3.521239433992739976e-03,1.039589759536746927e+00,1.039589759536746927e+00,0.000000000000000000e+00
6.400000000000000000e+01,8.883160999501394928e-01,8.862876163812302144e-01,2.028483568909278389e-03,9.532764176034421721e-01,9.281670860419669600e-01,2.510933156147521217e-02,1.020506414487659219e+00,1.015015275829313168e+00,5.491138658346050860e-03,1.321903145375197264e-01,1.287276594480829539e-01,3.462655089436772471e-03,1.030424340570006425e+00,1.030424340570006425e+00,0.000000000000000000e+00
6.500000000000000000e+01,8.940411594120847294e-01,8.920834992114211603e-01,1.957660200663569050e-03,9.527209512646100942e-01,9.276454927600575884e-01,2.507545850455250580e-02,1.030355325017621837e+00,1.024815488079537040e+00,5.539836938084796714e-03,1.363141656055371076e-01,1.327319888681158799e-01,3.582176737421227664e-03,1.040491542482997245e+00,1.040491542482997245e+00,0.000000000000000000e+00
6.600000000000000000e+01,8.954823048969620114e-01,8.935497444295190661e-01,1.932560467442945296e-03,9.563666858700086149e-01,9.312008618787398495e-01,2.516582399126876535e-02,1.031160361734717146e+00,1.025617440772308431e+00,5.542920962408715013e-03,1.356780568377551344e-01,1.320676963427893646e-01,3.610360494965769718e-03,1.040500939760794052e+00,1.040500939760794052e+00,0.000000000000000000e+00
6.700000000000000000e+01,8.982147355587241089e-01,8.963021703401702345e-01,1.912565218553874402e-03,9.588686353630471171e-01,9.335968457148977606e-01,2.527178964814935647e-02,1.034640410017572787e+00,1.029069841899652227e+00,5.570568117920560169e-03,1.364256744588486781e-01,1.327676715594819923e-01,3.658002899366685767e-03,1.043461328637137919e+00,1.043461328637137919e+00,0.000000000000000000e+00
6.800000000000000000e+01,8.992359187650509345e-01,8.973145504750656976e-01,1.921368289985236899e-03,9.617698006568534685e-01,9.363591588918779296e-01,2.541064176497553895e-02,1.035070904299533412e+00,1.029484154171248722e+00,5.586750128284689865e-03,1.358349855344824775e-01,1.321696036961830245e-01,3.665381838299452966e-03,1.043258258181005704e+00,1.043258258181005704e+00,0.000000000000000000e+00
6.900000000000000000e+01,8.906541556319624853e-01,8.886083051626553209e-01,2.045850469307164410e-03,9.636762835515091385e-01,9.381387461851442566e-01,2.553753736636488192e-02,1.019837833381169956e+00,1.014316580118233446e+00,5.521253262936509643e-03,1.291836777492074706e-01,1.257082749555781254e-01,3.475402793629345233e-03,1.027493340630487140e+00,1.027493340630487140e+00,0.000000000000000000e+00
7.000000000000000000e+01,8.935455078988892019e-01,8.914997444531596038e-01,2.045763445729598118e-03,9.586659768385086267e-01,9.332091933994365318e-01,2.545678343907209484e-02,1.026892927357583973e+00,1.021321971882842572e+00,5.570955474741401403e-03,1.333474194586947714e-01,1.298222274296829681e-01,3.525192029011803285e-03,1.035692041856489443e+00,1.035692041856489443e+00,0.000000000000000000e+00
7.100000000000000000e+01,8.972449814316537653e-01,8.952485915760649560e-01,1.996389855588809326e-03,9.585171077653313887e-01,9.330800438610049596e-01,2.543706390432642905e-02,1.033167654403225111e+00,1.027566167653941376e+00,5.601486749283735023e-03,1.359226729715713455e-01,1.323175760778764198e-01,3.605096893694925697e-03,1.042053244369143261e+00,1.042053244369143261e+00,0.000000000000000000e+00
7.200000000000000000e+01,9.008873593692585668e-01,8.989390736352368405e-01,1.948285734021726334e-03,9.609642225420057526e-01,9.354642273203347402e-01,2.549999522167101240e-02,1.038200734583287765e+00,1.032572408625318072e+00,5.628325957969693150e-03,1.373133752140291985e-01,1.336333349900812317e-01,3.680040223947966815e-03,1.046590091184939730e+00,1.046590091184939730e+00,0.000000000000000000e+00
7.300000000000000000e+01,8.970299018454589435e-01,8.950260518460723125e-01,2.003849999386630998e-03,9.644612735923956404e-01,9.388321670437212996e-01,2.562910654867434079e-02,1.030177575308058424e+00,1.024584734485108672e+00,5.592840822949751711e-03,1.331476734625994807e-01,1.295586826390363600e-01,3.588990823563120713e-03,1.037739894654939432e+00,1.037739894654939432e+00,0.000000000000000000e+00
7.400000000000000000e+01,8.934872592670557445e-01,8.914205937695135473e-01,2.066665497542197194e-03,9.633056510499505842e-01,9.376564616032024846e-01,2.564918944674809964e-02,1.024746614860372995e+00,1.019172100247439205e+00,5.574514612933789692e-03,1.312593555933172507e-01,1.277515064779256582e-01,3.507849115391592498e-03,1.032519248066973816e+00,1.032519248066973816e+00,0.000000000000000000e+00
7.500000000000000000e+01,8.812915043752103106e-01,8.791098876887789570e-01,2.181616686431353536e-03,9.604226335499439493e-01,9.348372994998216390e-01,2.558533405012231032e-02,1.005632517359976275e+00,1.000159190034321188e+00,5.473327325655086284e-03,1.243410129847659640e-01,1.210493023455422312e-01,3.291710639223732748e-03,1.013874222345281906e+00,1.013874222345281906e+00,0.000000000000000000e+00
7.600000000000000000e+01,8.785579935217826542e-01,8.763351894317145119e-01,2.222804090068142280e-03,9.510227397970529850e-01,9.257085076191128303e-01,2.531423217794015468e-02,1.005188094939446719e+00,9.997217032158800532e-01,5.466391723566665917e-03,1.266301014176640649e-01,1.233865137841655413e-01,3.243587633498523637e-03,1.015442834850228682e+00,1.015442834850228682e+00,0.000000000000000000e+00
7.700000000000000000e+01,8.749650413551505190e-01,8.727526045066107407e-01,2.212436848539778289e-03,9.452208897950982180e-01,9.201881309792875330e-01,2.503275881581068507e-02,1.001740130623417047e+00,9.963202934401054200e-01,5.419837183311626561e-03,1.267750892682665276e-01,1.235676889334946793e-01,3.207400334771848271e-03,1.013212125191927715e+00,1.013212125191927715e+00,0.000000000000000000e+00
7.800000000000000000e+01,8.716212519415854620e-01,8.694327542761622896e-01,2.188497665423172478e-03,9.403719476707336211e-01,9.156176537478342148e-01,2.475429392289940633e-02,9.982901184602630540e-01,9.929218383146379834e-01,5.368280145625070610e-03,1.266688665186775919e-01,1.234890840384756938e-01,3.179782480201898132e-03,1.010772812516921526e+00,1.010772812516921526e+00,0.000000000000000000e+00
7.900000000000000000e+01,8.770647061248533216e-01,8.749602278206800587e-01,2.104478304173262870e-03,9.360920083628768706e-01,9.116050203552895637e-01,2.448698800758730698e-02,1.009253294169468740e+00,1.003860482035858537e+00,5.392812133610203063e-03,1.321885880446154182e-01,1.289002542151784780e-01,3.288333829436940192e-03,1.022815707011673458e+00,1.022815707011673458e+00,0.000000000000000000e+00
8.000000000000000000e+01,8.809391970473816613e-01,8.789442006618031211e-01,1.994996385578540199e-03,9.379277812873609843e-01,9.135623249251891842e-01,2.436545636217180011e-02,1.014928261485841032e+00,1.009543000039381688e+00,5.385261446459344015e-03,1.339890644384593710e-01,1.305987993775785672e-01,3.390265060880803816e-03,1.028159705194111595e+00,1.028159705194111595e+00,0.000000000000000000e+00
8.100000000000000000e+01,8.795866107163656800e-01,8.776245328202133544e-01,1.962077896152325529e-03,9.413083952979521829e-01,9.169456158080866448e-01,2.436277948986553810e-02,1.011171472996061249e+00,1.005826210998534531e+00,5.345261997526717934e-03,1.315848622796955691e-01,1.282016781783211767e-01,3.383184101374392405e-03,1.023609285636494670e+00,1.023609285636494670e+00,0.000000000000000000e+00
8.200000000000000000e+01,8.664173661804290827e-01,8.643682876067634302e-01,2.049078573665652492e-03,9.418140494153066644e-01,9.174606549970575342e-01,2.435339441824913020e-02,9.889644560618027214e-01,9.837414553484793434e-01,5.223000713323378008e-03,1.225470898813736387e-01,1.193731677417159132e-01,3.173922139657725516e-03,1.001020448580971056e+00,1.001020448580971056e+00,0.000000000000000000e+00
8.300000000000000000e+01,8.669307533461715343e-01,8.648633900266982089e-01,2.067363319473325411e-03,9.332115177165498654e-01,9.090754634403298562e-01,2.413605427622000921e-02,9.936081051252098062e-01,9.883594584169886899e-01,5.248646708221116342e-03,1.266773517790382719e-01,1.234960683902904810e-01,3.181283388747790930e-03,1.007587731854896473e+00,1.007587731854896473e+00,0.000000000000000000e+00
8.400000000000000000e+01,8.768468197784805573e-01,8.748771143078171164e-01,1.969705470663440927e-03,9.299371688613421449e-01,9.059808283982413446e-01,2.395634046310080034e-02,1.011607380978069237e+00,1.006284989527002516e+00,5.322391451066721402e-03,1.347605611995886798e-01,1.314078752191853994e-01,3.352685980403280475e-03,1.026569303839987013e+00,1.026569303839987013e+00,0.000000000000000000e+00
8.500000000000000000e+01,8.778785269585362983e-01,8.759805222826125837e-01,1.898004675923714579e-03,9.352019895108952818e-01,9.112289347362474423e-01,2.397305477464783952e-02,1.011007769525474886e+00,1.005715061838485802e+00,5.292707686989084337e-03,1.331292425669385882e-01,1.297345395558732184e-01,3.394703011065369758e-03,1.024790773828045953e+00,1.024790773828045953e+00,0.000000000000000000e+00
8.600000000000000000e+01,8.767635149100564407e-01,8.748717469361452226e-01,1.891767973911218093e-03,9.381023539872139771e-01,9.140728953740037133e-01,2.402945861321026388e-02,1.007864116445404745e+00,1.002591844296061296e+00,5.272272149343448788e-03,1.311006015353483045e-01,1.277200973599160738e-01,3.380504175432230696e-03,1.020965059725698731e+00,1.020965059725698731e+00,0.000000000000000000e+00
8.700000000000000000e+01,8.724211331440299144e-01,8.704938724696537067e-01,1.927260674376207739e-03,9.385701954727064811e-01,9.145063862117740472e-01,2.406380926093243389e-02,1.000413734468807991e+00,9.951755166338424052e-01,5.238217834965586128e-03,1.279926013247780769e-01,1.246816441641886986e-01,3.310957160589378390e-03,1.013315709015155663e+00,1.013315709015155663e+00,0.000000000000000000e+00
8.800000000000000000e+01,8.639181813526752851e-01,8.619057797601786808e-01,2.012401592496604330e-03,9.358648888197336202e-01,9.118410593271174536e-01,2.402382949261616663e-02,9.874072452208411121e-01,9.822307330700263961e-01,5.176512150814716051e-03,1.234890638681658270e-01,1.203249533098477153e-01,3.164110558318111721e-03,1.000725170111886886e+00,1.000725170111886886e+00,0.000000000000000000e+00
8.900000000000000000e+01,8.563895306972928445e-01,8.542921678680098774e-01,2.097362829282967134e-03,9.290327644501183979e-01,9.051901940598067187e-01,2.384257039031167924e-02,9.778278158626149130e-01,9.727028006785761738e-01,5.125015184038739235e-03,1.214382851653220685e-01,1.184106328105662964e-01,3.027652354755772102e-03,9.924853035966002546e-01,9.924853035966002546e-01,0.000000000000000000e+00
9.000000000000000000e+01,8.569089578474359259e-01,8.548405642019507589e-01,2.068393645485167021e-03,9.211012493148214020e-01,8.975511555125409435e-01,2.355009380228045845e-02,9.822005416801462552e-01,9.770721747752145747e-01,5.128366904931680459e-03,1.252915838327103293e-01,1.222316105732638158e-01,3.059973259446513438e-03,9.986527624170812301e-01,9.986527624170812301e-01,0.000000000000000000e+00
9.100000000000000000e+01,8.528740508465314507e-01,8.508205285004248886e-01,2.053522346106562146e-03,9.181275133005616373e-01,8.947968471909262256e-01,2.333066610963541176e-02,9.767661267602941733e-01,9.716976115716701168e-01,5.068515188624056478e-03,1.238920759137627225e-01,1.208770830712452282e-01,3.014992842517494331e-03,9.937766436737569542e-01,9.937766436737569542e-01,0.000000000000000000e+00
9.200000000000000000e+01,8.519678258597409570e-01,8.499529245984333015e-01,2.014901261307655567e-03,9.141683684702414103e-01,8.910715546944700804e-01,2.309681377577132988e-02,9.770004215947032389e-01,9.719600694118174511e-01,5.040352182885787791e-03,1.250325957349622819e-01,1.220071448133841496e-01,3.025450921578132224e-03,9.948836532625707774e-01,9.948836532625707774e-01,0.000000000000000000e+00
9.300000000000000000e+01,8.453989008394261484e-01,8.433680749412528765e-01,2.030825898173271860e-03,9.119010628501231785e-01,8.889950788912907020e-01,2.290598395883247651e-02,9.670116447539133242e-01,9.620520374880708880e-01,4.959607265842436163e-03,1.216127439144871758e-01,1.186839625468180115e-01,2.928781367669164304e-03,9.852064177324947325e-01,9.852064177324947325e-01,0.000000000000000000e+00
9.400000000000000000e+01,8.442854705724061048e-01,8.422872400581262742e-01,1.998230514279830672e-03,9.065296325684840673e-01,8.838845745201722170e-01,2.264505804831185021e-02,9.675265532080751241e-01,9.625920423953778782e-01,4.934510812697245896e-03,1.232410826356690192e-01,1.203048023372516040e-01,2.936280298417415224e-03,9.869087835536454190e-01,9.869087835536454190e-01,0.000000000000000000e+00
9.500000000000000000e+01,8.456997448383757332e-01,8.437686571352150944e-01,1.931087703160638824e-03,9.035345241679917372e-01,8.811065586081092693e-01,2.242796555988246787e-02,9.712189764460473773e-01,9.662971734101819532e-01,4.921803035865424114e-03,1.255192316076716441e-01,1.225285162749668588e-01,2.990715332704785290e-03,9.913380693083798656e-01,9.913380693083798656e-01,0.000000000000000000e+00
9.600000000000000000e+01,8.466856526822367224e-01,8.448145239085660396e-01,1.871128773670682754e-03,9.032346399929024328e-01,8.809391012936355070e-01,2.229553869926692578e-02,9.730008417660988007e-01,9.680977718774307350e-01,4.903069888668065701e-03,1.263151890838620783e-01,1.232832479688646954e-01,3.031941114997382947e-03,9.932234859321347198e-01,9.932234859321347198e-01,0.000000000000000000e+00
9.700000000000000000e+01,8.522507748902751201e-01,8.504614246547914647e-01,1.789350235483655460e-03,9.037724728070467561e-01,8.815496944624083842e-01,2.222277834463837198e-02,9.820626113356613063e-01,9.771331543746002435e-01,4.929456961061062792e-03,1.298118364453861862e-01,1.266717297198087788e-01,3.140106725577407332e-03,1.002352983710001366e+00,1.002352983710001366e+00,0.000000000000000000e+00
9.800000000000000000e+01,8.497848337646849437e-01,8.480093098874611490e-01,1.775523877223794678e-03,9.077320586125449120e-01,8.854637429768876800e-01,2.226831563565723204e-02,9.761946527836805609e-01,9.713061407807417336e-01,4.888512002938827372e-03,1.264098190189956172e-01,1.232968308932805845e-01,3.112988125715032695e-03,9.954837825443626498e-01,9.954837825443626498e-01,0.000000000000000000e+00
9.900000000000000000e+01,8.592153369183467282e-01,8.574997463715878787e-01,1.715590546758849477e-03,9.077382461959131454e-01,8.854578530343101272e-01,2.228039316160301819e-02,9.919344574729069830e-01,9.869644381008224610e-01,4.970019372084522047e-03,1.327191205545602548e-01,1.294646917292345822e-01,3.254428825325672570e-03,1.011533204418873622e+00,1.011533204418873622e+00,0.000000000000000000e+00
1.000000000000000000e+02,8.590278280453583770e-01,8.573405047583813055e-01,1.687323286977071568e-03,9.140528736806224908e-01,8.916206441147931372e-01,2.243222956582935357e-02,9.888458617821483942e-01,9.838920214887894033e-01,4.953840293358990898e-03,1.298180337367900172e-01,1.265515167304080979e-01,3.266517006381919330e-03,1.006971630406463980e+00,1.006971630406463980e+00,0.000000000000000000e+00
1.010000000000000000e+02,8.610967234084332400e-01,8.593992512397299333e-01,1.697472168703306750e-03,9.165870889589106119e-01,8.940120783519713843e-01,2.257501060693922756e-02,9.911824277047437404e-01,9.861989142051353907e-01,4.983513499608349662e-03,1.300857042963105004e-01,1.267996629654054574e-01,3.286041330905042912e-03,1.008786336850601817e+00,1.008786336850601817e+00,0.000000000000000000e+00
1.020000000000000000e+02,8.722170169300186293e-01,8.705734778302137711e-01,1.643539099804858239e-03,9.190360798967585065e-01,8.963186464896693018e-01,2.271743340708920478e-02,1.008678624141476465e+00,1.003588561491845388e+00,5.090062649631077463e-03,1.364616072114578360e-01,1.330150836616316168e-01,3.446523549826219224e-03,1.026039754898742329e+00,1.026039754898742329e+00,0.000000000000000000e+00
1.030000000000000000e+02,8.763107881197720328e-01,8.746987161199510918e-01,1.612071999820940960e-03,9.275199465215534511e-01,9.045194407750561938e-01,2.300050574649725732e-02,1.011779035231131552e+00,1.006656825073914518e+00,5.122210157217033100e-03,1.354682471113595188e-01,1.319581089539634267e-01,3.510138157396092140e-03,1.027283781042066746e+00,1.027283781042066746e+00,0.000000000000000000e+00
1.040000000000000000e+02,8.797923477448867935e-01,8.781687432372020652e-01,1.623604507684728304e-03,9.338290564658222603e-01,9.105212822012993534e-01,2.330777426452290690e-02,1.014819879104451816e+00,1.009648474404528873e+00,5.171404699922943493e-03,1.350275313595650228e-01,1.314797311673268077e-01,3.547800192238215189e-03,1.028960356353282535e+00,1.028960356353282535e+00,0.000000000000000000e+00
1.050000000000000000e+02,8.867150128627012684e-01,8.851041572229682020e-01,1.610855639733066447e-03,9.388188935989578709e-01,9.152089765801645349e-01,2.360991701879333604e-02,1.024219486439536198e+00,1.018960218943826046e+00,5.259267495710151508e-03,1.375044735768349291e-01,1.338560617208578440e-01,3.648411855977085061e-03,1.037372921502498047e+00,1.037372921502498047e+00,0.000000000000000000e+00
1.060000000000000000e+02,8.787200986345804488e-01,8.769695098224228325e-01,1.750588812157616303e-03,9.455908274518223244e-01,9.216202300400463399e-01,2.397059741177598458e-02,1.007839063422973913e+00,1.002622049651477498e+00,5.217013771496414876e-03,1.291189647883934644e-01,1.256525398290546658e-01,3.466424959338798573e-03,1.019300282492373144e+00,1.019300282492373144e+00,0.000000000000000000e+00
1.070000000000000000e+02,8.797358513814255154e-01,8.779060480444790260e-01,1.829803336946489445e-03,9.430342462373304535e-01,9.189351808456807102e-01,2.409906539164974326e-02,1.010660441436762147e+00,1.005386085434670562e+00,5.274356002091584728e-03,1.309245900553366315e-01,1.274800373901915362e-01,3.444552665145095283e-03,1.022713241612556834e+00,1.022713241612556834e+00,0.000000000000000000e+00
1.080000000000000000e+02,8.739088431796858680e-01,8.719979700208361217e-01,1.910873158849746289e-03,9.426392996942152269e-01,9.184515280579658159e-01,2.418777163624941107e-02,1.001110446477459615e+00,9.958642773493269207e-01,5.246169128132693871e-03,1.272016032977737465e-01,1.238663073284907989e-01,3.335295969282947581e-03,1.013135133180199654e+00,1.013135133180199654e+00,0.000000000000000000e+00
1.090000000000000000e+02,8.735043409871534603e-01,8.715456470552450652e-01,1.958693931908395136e-03,9.385763635447327280e-01,9.144214948941110643e-01,2.415486865062166366e-02,1.002215865828017805e+00,9.969481812114696639e-01,5.267684616548140575e-03,1.287115248408643442e-01,1.254025341562245988e-01,3.308990684639745439e-03,1.015139733391030141e+00,1.015139733391030141e+00,0.000000000000000000e+00
1.100000000000000000e+02,8.729794134466397626e-01,8.710113325440651533e-01,1.968080902574609325e-03,9.365891214906187923e-01,9.124888792991169284e-01,2.410024219150186386e-02,1.002212089657446903e+00,9.969451941578795218e-01,5.266895499567381123e-03,1.292326762108071403e-01,1.259338616138143685e-01,3.298814596992771797e-03,1.015570895770246729e+00,1.015570895770246729e+00,0.000000000000000000e+00
1.110000000000000000e+02,8.661735936750262210e-01,8.641674116673246919e-01,2.006182007701529102e-03,9.353997585145839011e-01,9.113567120185319670e-01,2.404304649605193411e-02,9.913811458287759004e-01,9.861769858850810699e-01,5.204159943694830481e-03,1.252075521537496794e-01,1.220095742177563780e-01,3.197977935993301379e-03,1.004853634217839353e+00,1.004853634217839353e+00,0.000000000000000000e+00
1.120000000000000000e+02,8.706209796296351389e-01,8.686342841624964395e-01,1.986695467138699378e-03,9.303508928207838702e-01,9.064579140582084138e-01,2.389297876257545639e-02,1.001017354421882777e+00,9.957671162650003627e-01,5.250238156882414131e-03,1.303963747922476379e-01,1.271328321025039232e-01,3.263542689743714753e-03,1.015731325881702674e+00,1.015731325881702674e+00,0.000000000000000000e+00
1.130000000000000000e+02,8.554440511564340710e-01,8.533660130222923135e-01,2.078038134141757531e-03,9.311939151163988182e-01,9.073645420805628303e-01,2.382937303583598787e-02,9.752896976682936536e-01,9.701928247335164235e-01,5.096872934777230135e-03,1.198456465118595826e-01,1.168268117112241100e-01,3.018834800635472604e-03,9.894443452059461519e-01,9.894443452059461519e-01,0.000000000000000000e+00
1.140000000000000000e+02,8.466467881503311199e-01,8.444843659024743321e-01,2.162422247856787827e-03,9.213688164731468344e-01,8.978388998196130677e-01,2.352991665353376671e-02,9.649138223684103899e-01,9.598815531183710892e-01,5.032269250039300701e-03,1.182670342180792700e-01,1.153971872158967571e-01,2.869847002182512874e-03,9.810188910914908744e-01,9.810188910914908744e-01,0.000000000000000000e+00
1.150000000000000000e+02,8.526454463287413965e-01,8.505897904195325321e-01,2.055655909208864429e-03,9.113332715449459220e-01,8.882100991301851156e-01,2.312317241476080643e-02,9.793856480706083500e-01,9.743112656887057410e-01,5.074382381902609040e-03,1.267402017418669535e-01,1.237214752691732089e-01,3.018726472693744611e-03,9.979388671488357287e-01,9.979388671488357287e-01,0.000000000000000000e+00
1.160000000000000000e+02,8.533935627036304261e-01,8.514244877048242621e-01,1.969074998806163990e-03,9.111683652448352433e-01,8.882464175927766714e-01,2.292194765205857188e-02,9.807085834558971760e-01,9.756710971057894755e-01,5.037486350107700517e-03,1.273150207522667499e-01,1.242466094009652133e-01,3.068411351301536527e-03,9.993234162264600373e-01,9.993234162264600373e-01,0.000000000000000000e+00
1.170000000000000000e+02,8.556027964241685879e-01,8.537073992728736460e-01,1.895397151294941906e-03,9.116012415102647815e-01,8.888028127635334563e-01,2.279842874673132513e-02,9.842082303662859077e-01,9.791826993846515226e-01,5.025530981634385164e-03,1.286054339421173198e-01,1.254753001117778766e-01,3.130133830339443257e-03,1.002793215238829694e+00,1.002793215238829694e+00,0.000000000000000000e+00
1.180000000000000000e+02,8.585140754396256568e-01,8.566800434156468524e-01,1.834032023978804382e-03,9.132642520193585689e-01,8.905104194270567763e-01,2.275383259230179256e-02,9.883356124312352442e-01,9.833082428411148435e-01,5.027369590120400744e-03,1.298215369916095874e-01,1.266281994254679910e-01,3.193337566141596362e-03,1.006627631799778655e+00,1.006627631799778655e+00,0.000000000000000000e+00
1.190000000000000000e+02,8.550010889466199693e-01,8.531655977557285331e-01,1.835491190891436197e-03,9.159117878062104090e-01,8.931331375226093661e-01,2.277865028360104294e-02,9.813014285023824446e-01,9.763189309124179482e-01,4.982497589964496321e-03,1.263003395557624753e-01,1.231533331566894152e-01,3.147006399073060123e-03,9.988786389026732548e-01,9.988786389026732548e-01,0.000000000000000000e+00
1.200000000000000000e+02,8.423361283139728650e-01,8.403720142586246222e-01,1.964114055348242793e-03,9.146694511339652500e-01,8.919157702427492618e-01,2.275368089121598825e-02,9.606722830280838288e-01,9.557932447800452369e-01,4.879038248038591874e-03,1.183361547141109638e-01,1.154212305214206147e-01,2.914924192690349081e-03,9.781482953287978788e-01,9.781482953287978788e-01,0.000000000000000000e+00
1.210000000000000000e+02,8.432020388464299687e-01,8.412417433231328401e-01,1.960295523297128639e-03,9.056359276599058594e-01,8.831358213261408796e-01,2.250010633376497982e-02,9.661096700677117566e-01,9.612093640979709752e-01,4.900305969740781364e-03,1.229076312212817879e-01,1.199676207748381351e-01,2.940010446443652725e-03,9.856600007480925685e-01,9.856600007480925685e-01,0.000000000000000000e+00
1.220000000000000000e+02,8.430875651956770689e-01,8.411672741169272660e-01,1.920291078749802871e-03,9.024318181658056437e-01,8.801248893360399395e-01,2.230692882976570424e-02,9.673368434499906021e-01,9.624554174899202508e-01,4.881425960070351344e-03,1.242492782543135332e-01,1.212881433729929848e-01,2.961134881320548473e-03,9.876192608336920031e-01,9.876192608336920031e-01,0.000000000000000000e+00
1.230000000000000000e+02,8.452209894667276346e-01,8.433636816027707539e-01,1.857307863956880745e-03,9.010155348076220871e-01,8.788537586662051870e-01,2.216177614141690011e-02,9.715330069852194939e-01,9.666548942458278448e-01,4.878112739391649022e-03,1.263120175184918592e-01,1.232912126430570909e-01,3.020804875434768277e-03,9.922183502817738532e-01,9.922183502817738532e-01,0.000000000000000000e+00
1.240000000000000000e+02,8.520814916267916983e-01,8.503166026095696495e-01,1.764889017222048828e-03,9.018592112016649009e-01,8.797627049320466686e-01,2.209650626961823239e-02,9.826236459176905802e-01,9.777091700300719612e-01,4.914475887618618977e-03,1.305421542908988819e-01,1.273925674205023117e-01,3.149586870396570149e-03,1.003355299629262065e+00,1.003355299629262065e+00,0.000000000000000000e+00
1.250000000000000000e+02,8.462128203334781107e-01,8.444323653685994469e-01,1.780454964878663837e-03,9.068155406250301143e-01,8.846464332629431215e-01,2.216910736208699273e-02,9.706248740001345299e-01,9.657811846325160543e-01,4.843689367618475572e-03,1.244120536666564192e-01,1.213488192639166074e-01,3.063234402739811735e-03,9.900060699151874699e-01,9.900060699151874699e-01,0.000000000000000000e+00
1.260000000000000000e+02,8.559969215829840161e-01,8.542797287841453757e-01,1.717192798838640400e-03,9.049515899468937308e-01,8.828063438174653665e-01,2.214524612942836423e-02,9.877944940057519219e-01,9.828602386792613110e-01,4.934255326490610827e-03,1.317975724227679057e-01,1.285805098951159353e-01,3.217062527651970427e-03,1.007937634271257155e+00,1.007937634271257155e+00,0.000000000000000000e+00
1.270000000000000000e+02,8.640261308673145013e-01,8.623841970058873097e-01,1.641933861427191665e-03,9.107327171450937398e-01,8.884541813957081979e-01,2.227853574938554182e-02,9.986457448051041519e-01,9.936591345388477992e-01,4.986610266256352730e-03,1.346196139377896506e-01,1.312749375329604895e-01,3.344676404829161065e-03,1.017699411730828007e+00,1.017699411730828007e+00,0.000000000000000000e+00
1.280000000000000000e+02,8.662310654017955081e-01,8.646130095290769368e-01,1.618055872718571209e-03,9.185308515260910411e-01,8.960099731443501581e-01,2.252087838174088308e-02,9.988901026343710576e-01,9.938907073327705177e-01,4.999395301600539909e-03,1.326590372325755496e-01,1.292776978036935809e-01,3.381339428881968701e-03,1.016195695217695594e+00,1.016195695217695594e+00,0.000000000000000000e+00
1.290000000000000000e+02,8.624469472868752096e-01,8.607729720798362738e-01,1.673975207038935764e-03,9.232825023036561607e-01,9.005163649956029470e-01,2.276613730805321367e-02,9.904905684405096444e-01,9.855047331460355942e-01,4.985835294474050272e-03,1.280436211536344349e-01,1.247317610661993204e-01,3.311860087435114508e-03,1.006600297052590465e+00,1.006600297052590465e+00,0.000000000000000000e+00
1.300000000000000000e+02,8.584461305666769571e-01,8.566749884043164398e-01,1.771142162360517247e-03,9.227570594643994539e-01,8.998492954017500711e-01,2.290776406264938281e-02,9.840392803599488092e-01,9.790519262085545238e-01,4.987354151394285395e-03,1.255931497932718521e-01,1.223769378042380840e-01,3.216211989033768148e-03,1.000159156516988279e+00,1.000159156516988279e+00,0.000000000000000000e+00
1.310000000000000000e+02,8.553172962597966889e-01,8.534706749829591432e-01,1.846621276837545622e-03,9.198543143044365378e-01,8.969202934142085359e-01,2.293402089022800183e-02,9.800897977732750954e-01,9.751008567906045421e-01,4.988940982670553304e-03,1.247725015134784066e-01,1.216301818076453989e-01,3.142319705833007681e-03,9.967795531448981894e-01,9.967795531448981894e-01,0.000000000000000000e+00
1.320000000000000000e+02,8.514443249326933971e-01,8.495403335665610012e-01,1.903991366132395946e-03,9.165351343392073025e-01,8.936524052240234495e-01,2.288272911518385300e-02,9.750779483940373860e-01,9.701076158188632892e-01,4.970332575174096768e-03,1.236336234613439888e-01,1.205672822523022880e-01,3.066341209041700822e-03,9.924072039143769786e-01,9.924072039143769786e-01,0.000000000000000000e+00
1.330000000000000000e+02,8.503204334281080357e-01,8.484064678585718777e-01,1.913965569536157929e-03,9.125392792340495385e-01,8.897766779012774574e-01,2.276260133277208109e-02,9.749648278156569647e-01,9.699995592855125137e-01,4.965268530144451020e-03,1.246443943875489291e-01,1.215930914269406360e-01,3.051302960608293091e-03,9.931687877084562910e-01,9.931687877084562910e-01,0.000000000000000000e+00
1.340000000000000000e+02,8.468065309869380330e-01,8.448765526895374300e-01,1.929978297400603005e-03,9.101106264284191116e-01,8.874664630757538308e-01,2.264416335266528080e-02,9.701597272845132736e-01,9.652316493734620639e-01,4.928077911051209625e-03,1.233531962975752405e-01,1.203550966839246339e-01,2.998099613650606621e-03,9.888064509699712179e-01,9.888064509699712179e-01,0.000000000000000000e+00
1.350000000000000000e+02,8.459920835188727839e-01,8.440773943123898171e-01,1.914689206482966810e-03,9.067289706325861731e-01,8.842399558648339486e-01,2.248901476775222452e-02,9.702939893154163276e-01,9.653808999538185942e-01,4.913089361597733351e-03,1.243019057965435437e-01,1.213035056414287771e-01,2.998400155114766541e-03,9.896876759089763276e-01,9.896876759089763276e-01,0.000000000000000000e+00
1.360000000000000000e+02,8.334946959175486558e-01,8.315224544985125865e-01,1.972241419036069310e-03,9.047669271410183622e-01,8.824111556442946203e-01,2.235577149672374198e-02,9.503228879513535565e-01,9.455292415619541702e-01,4.793646389399386365e-03,1.168281920338049007e-01,1.140067870634415836e-01,2.821404970363317055e-03,9.697419062308952897e-01,9.697419062308952897e-01,0.000000000000000000e+00
1.370000000000000000e+02,8.395647916505654118e-01,8.376279047375732034e-01,1.936886912992208387e-03,8.956043886410964827e-01,8.735403011895611636e-01,2.206408745153531914e-02,9.644675795881976210e-01,9.596170811815291080e-01,4.850498406668513063e-03,1.249027879376322092e-01,1.219891764439559045e-01,2.913611493676304676e-03,9.862024975337190247e-01,9.862024975337190247e-01,0.000000000000000000e+00
1.380000000000000000e+02,8.492956952167152185e-01,8.475064846097255522e-01,1.789210606989666275e-03,8.957923491361948765e-01,8.738871215791264024e-01,2.190522755706847402e-02,9.806485354818248457e-01,9.757535599556743655e-01,4.894975526150480150e-03,1.313528402651096272e-01,1.282470753459488133e-01,3.105764919160813875e-03,1.002705571041167643e+00,1.002705571041167643e+00,0.000000000000000000e+00
1.390000000000000000e+02,8.462820895422172862e-01,8.445344548018073327e-01,1.747634740409953480e-03,9.024041880576494368e-01,8.804435453893462160e-01,2.196064266830322076e-02,9.726932222452652210e-01,9.678615691629673945e-01,4.831653082297826529e-03,1.264111327030479348e-01,1.233271143611600618e-01,3.084018341887873049e-03,9.930940941435747460e-01,9.930940941435747460e-01,0.000000000000000000e+00
1.400000000000000000e+02,8.515928706865115716e-01,8.498877902162549347e-01,1.705080470256636893e-03,9.031536066998812062e-01,8.811670121704274772e-01,2.198659452945372905e-02,9.812370941652009959e-01,9.763612734881016442e-01,4.875820677099351741e-03,1.296442234786894243e-01,1.264734832718467095e-01,3.170740206842714848e-03,1.001649082885007092e+00,1.001649082885007092e+00,0.000000000000000000e+00
1.410000000000000000e+02,8.561086077785516890e-01,8.544426008820507068e-01,1.666006896500982215e-03,9.070317579682928288e-01,8.849361035649283558e-01,2.209565440336447306e-02,9.870655878849731169e-01,9.821575188719708915e-01,4.908069013002225311e-03,1.309569801064214278e-01,1.277149179899201847e-01,3.242062116501243096e-03,1.006726554700831722e+00,1.006726554700831722e+00,0.000000000000000000e+00
1.420000000000000000e+02,8.606399647808726794e-01,8.589978670579062614e-01,1.642097722966417983e-03,9.116826250022319611e-01,8.894217756360953686e-01,2.226084936613659249e-02,9.925756344440558321e-01,9.876285195542604534e-01,4.947114889795378723e-03,1.319356696631831527e-01,1.286306524963541920e-01,3.305017166828960740e-03,1.011300374595192730e+00,1.011300374595192730e+00,0.000000000000000000e+00
1.430000000000000000e+02,8.666339016944750728e-01,8.650154348326449805e-01,1.618466861830092363e-03,9.166645384069989078e-01,8.941985427797961572e-01,2.246599562720275056e-02,1.000385685001687230e+00,9.953808572046499714e-01,5.004827797037258996e-03,1.337517833072121576e-01,1.303654223720049909e-01,3.386360935207166634e-03,1.018135660567510703e+00,1.018135660567510703e+00,0.000000000000000000e+00
1.440000000000000000e+02,8.702810387872875753e-01,8.686673891868443853e-01,1.613649600443189946e-03,9.227688233543835938e-01,9.000449047535411529e-01,2.272391860084244097e-02,1.003788299515012472e+00,9.987421557682384377e-01,5.046143746774034433e-03,1.335072607277248968e-01,1.300747665813940523e-01,3.432494146330844487e-03,1.020229062033773282e+00,1.020229062033773282e+00,0.000000000000000000e+00
1.450000000000000000e+02,8.574260688381390993e-01,8.556718789227349964e-01,1.754189915404102962e-03,9.277785509820221099e-01,9.047864925223734200e-01,2.299205845964868988e-02,9.801171893457896189e-01,9.751585069698371910e-01,4.958682375952427890e-03,1.226911205076505196e-01,1.194866280471021946e-01,3.204492460548324928e-03,9.950806700869916366e-01,9.950806700869916366e-01,0.000000000000000000e+00
1.460000000000000000e+02,8.652745751727914936e-01,8.634949891514261955e-01,1.779586021365298087e-03,9.212745230981259636e-01,8.982796655145309783e-01,2.299485758359498533e-02,9.960879897404411043e-01,9.910119432645814186e-01,5.076046475859685714e-03,1.308134145676496107e-01,1.275169541131552231e-01,3.296460454494387626e-03,1.012734326297034748e+00,1.012734326297034748e+00,0.000000000000000000e+00
1.470000000000000000e+02,8.575439136216128633e-01,8.557034336263211749e-01,1.840479995291688375e-03,9.237984890737265253e-01,9.007092541562379262e-01,2.308923491748859913e-02,9.820716727170366589e-01,9.770601730277060915e-01,5.011499689330567442e-03,1.245277590954237956e-01,1.213567394013849166e-01,3.171019694038879067e-03,9.979317725584367915e-01,9.979317725584367915e-01,0.000000000000000000e+00
1.480000000000000000e+02,8.473588293894328549e-01,8.453808386712658995e-01,1.977990718166955375e-03,9.196853319144703276e-01,8.966403026692275624e-01,2.304502924524276519e-02,9.668469963131807177e-01,9.619004822334903393e-01,4.946514079690378374e-03,1.194881669237478627e-01,1.165196435622244397e-01,2.968523361523422999e-03,9.833477583124006216e-01,9.833477583124006216e-01,0.000000000000000000e+00
1.490000000000000000e+02,8.448260560377955919e-01,8.428216283509870621e-01,2.004427686808529785e-03,9.111053485188850276e-01,8.883008655439562640e-01,2.280448297492876364e-02,9.664055400673399188e-01,9.614668749309582818e-01,4.938665136381636955e-03,1.215794840295443269e-01,1.186452465799712197e-01,2.934237449573107170e-03,9.847626530729464145e-01,9.847626530729464145e-01,0.000000000000000000e+00
1.500000000000000000e+02,8.447671037115266346e-01,8.427987340071144695e-01,1.968369704412165078e-03,9.058114632755174256e-01,8.832483159000150685e-01,2.256314737550235705e-02,9.686503494110634271e-01,9.637242156480391175e-01,4.926133763024309609e-03,1.238832456995367926e-01,1.209254816409246480e-01,2.957764058612144531e-03,9.882133815349171124e-01,9.882133815349171124e-01,0.000000000000000000e+00
1.510000000000000000e+02,8.437265824775272982e-01,8.417965919484747817e-01,1.929990529052516557e-03,9.035585245496048357e-01,8.811795796658842272e-01,2.237894488372060842e-02,9.679071261476056565e-01,9.630130666900789116e-01,4.894059457526744872e-03,1.241805436700783583e-01,1.212164747416041299e-01,2.964068928474228315e-03,9.879523088012035492e-01,9.879523088012035492e-01,0.000000000000000000e+00
1.520000000000000000e+02,8.341385349761725188e-01,8.321754310941422705e-01,1.963103882030248215e-03,9.019166103324289807e-01,8.796899124795095615e-01,2.222669785291941924e-02,9.526307268512712589e-01,9.478382114908608935e-01,4.792515360410365410e-03,1.184921918750987402e-01,1.156627803967186230e-01,2.829411478380117195e-03,9.727170690594690861e-01,9.727170690594690861e-01,0.000000000000000000e+00
1.530000000000000000e+02,8.277479944016303826e-01,8.257856343082058403e-01,1.962360093424542207e-03,8.948149843882182708e-01,8.728539902913921011e-01,2.196099409682616965e-02,9.451517431572993289e-01,9.404166040590963282e-01,4.735139098203000607e-03,1.174037487556689463e-01,1.146309697508904879e-01,2.772779004778458400e-03,9.666236365826504917e-01,9.666236365826504917e-01,0.000000000000000000e+00
1.540000000000000000e+02,8.183492239069933838e-01,8.164455676253348226e-01,1.903656281658561156e-03,8.876138319326547510e-01,8.659381742489612455e-01,2.167565768369350554e-02,9.328257415760827786e-01,9.281758847962341408e-01,4.649856779848637878e-03,1.144765176690893949e-01,1.117303171708993181e-01,2.746200498190076722e-03,9.555769911088498603e-01,9.555769911088498603e-01,0.000000000000000000e+00
1.550000000000000000e+02,8.138564946868195316e-01,8.119314893765389174e-01,1.925005310280614168e-03,8.784882242782510176e-01,8.570847478082155302e-01,2.140347647003548737e-02,9.293830581966150417e-01,9.247611210498842826e-01,4.621937146730759061e-03,1.155265635097955101e-01,1.128296316733453653e-01,2.696931836450144893e-03,9.540410676492002695e-01,9.540410676492002695e-01,0.000000000000000000e+00
1.560000000000000000e+02,8.262713226854143667e-01,8.243174526861856144e-01,1.953869999228752263e-03,8.716834228564872555e-01,8.505634944454619761e-01,2.111992841102527940e-02,9.528558247091507560e-01,9.481436879466792478e-01,4.712136762471508256e-03,1.265845020237363894e-01,1.238262352604936334e-01,2.758266763242755992e-03,9.796752043138973187e-01,9.796752043138973187e-01,0.000000000000000000e+00
1.570000000000000000e+02,8.325684265058100886e-01,8.308038306997274081e-01,1.764595806082680518e-03,8.768841431068752357e-01,8.559469431541426587e-01,2.093719995273257695e-02,9.610686487553916635e-01,9.563856328407966956e-01,4.683015914594967910e-03,1.285002222495815749e-01,1.255818021410692875e-01,2.918420108512287392e-03,9.869318395219847107e-01,9.869318395219847107e-01,0.000000000000000000e+00
1.580000000000000000e+02,8.416428541253299089e-01,8.400282459248100686e-01,1.614608200519840331e-03,8.832763721602633344e-01,8.623363019917527073e-01,2.094007016851062719e-02,9.733975984188385500e-01,9.686885117478564178e-01,4.709086670982132183e-03,1.317547442935086410e-01,1.286602658230463492e-01,3.094478470462291853e-03,9.981261660025088078e-01,9.981261660025088078e-01,0.000000000000000000e+00
1.590000000000000000e+02,8.458682154625167815e-01,8.443287663180711888e-01,1.539449144445592665e-03,8.920329916844450535e-01,8.709143926218947396e-01,2.111859906255031394e-02,9.765847865236781944e-01,9.718668370916068167e-01,4.717949432071377736e-03,1.307165710611614129e-01,1.275380707735356278e-01,3.178500287625785070e-03,9.993995833628712688e-01,9.993995833628712688e-01,0.000000000000000000e+00
1.600000000000000000e+02,8.451558968406056582e-01,8.435982434139973618e-01,1.557653426608296421e-03,8.985320599710027167e-01,8.771757707277425542e-01,2.135628924326016254e-02,9.725229618695734324e-01,9.678059420986011574e-01,4.717019770972274983e-03,1.273670650289677742e-01,1.242076986846037956e-01,3.159366344363978563e-03,9.937836450882474582e-01,9.937836450882474582e-01,0.000000000000000000e+00
1.610000000000000000e+02,8.452559445041084585e-01,8.436508494266383718e-01,1.605095077470086729e-03,9.007766130604102361e-01,8.792348664459516128e-01,2.154174661445862338e-02,9.716972634717694346e-01,9.669548838981494310e-01,4.742379573620003619e-03,1.264413189676609761e-01,1.233040344715110592e-01,3.137284496149916890e-03,9.924393015333128343e-01,9.924393015333128343e-01,0.000000000000000000e+00
1.620000000000000000e+02,8.373606878525452490e-01,8.356352702189132620e-01,1.725417633631987080e-03,9.017828612681421108e-01,8.801035644664612079e-01,2.167929680168090290e-02,9.580498559527413915e-01,9.533492366976364929e-01,4.700619255104898642e-03,1.206891681001961425e-01,1.177139664787232309e-01,2.975201621472911562e-03,9.782797857333291880e-01,9.782797857333291880e-01,0.000000000000000000e+00
1.630000000000000000e+02,8.276539801147952957e-01,8.258605743946624278e-01,1.793405720132867920e-03,8.968968363924136877e-01,8.752612264360742911e-01,2.163560995633939665e-02,9.440963734271565766e-01,9.394482113425227654e-01,4.648162084633811197e-03,1.164423933123612809e-01,1.135876369478603376e-01,2.854756364500943278e-03,9.650908716668235021e-01,9.650908716668235021e-01,0.000000000000000000e+00
1.640000000000000000e+02,8.204790206419940723e-01,8.186495064996436311e-01,1.829514142350441297e-03,8.884444261474204740e-01,8.669668648067042627e-01,2.147756134071621137e-02,9.359553156256851247e-01,9.313372806665107806e-01,4.618034959174344145e-03,1.154762949836910524e-01,1.126877741668671495e-01,2.788520816823902848e-03,9.586016521957713143e-01,9.586016521957713143e-01,0.000000000000000000e+00
1.650000000000000000e+02,8.250497823133506881e-01,8.231390007118334351e-01,1.910781601517252959e-03,8.802029337859902380e-01,8.589276480006721171e-01,2.127528578531812098e-02,9.470583542212639427e-01,9.423862112984027206e-01,4.672142922861222125e-03,1.220085719079132547e-01,1.192472105865692855e-01,2.761361321343969166e-03,9.718022170085134359e-01,9.718022170085134359e-01,0.000000000000000000e+00
1.660000000000000000e+02,8.236997850408029898e-01,8.218618444340087814e-01,1.837940606794208342e-03,8.796413637944284769e-01,8.585673457560903943e-01,2.107401803833808263e-02,9.450660150878991139e-01,9.404452600658187444e-01,4.620755022080369478e-03,1.213662300470961242e-01,1.185834156318099630e-01,2.782814415286161136e-03,9.698829272338170826e-01,9.698829272338170826e-01,0.000000000000000000e+00
1.670000000000000000e+02,8.150527560147743378e-01,8.133110604215683104e-01,1.741695593206027404e-03,8.785156517649657104e-01,8.575934214152457491e-01,2.092223034971996132e-02,9.313278526502085652e-01,9.268015346246365471e-01,4.526318025572018122e-03,1.162750966354342275e-01,1.134904742030682367e-01,2.784622432365990718e-03,9.560314275696764064e-01,9.560314275696764064e-01,0.000000000000000000e+00
1.680000000000000000e+02,7.971444010169089767e-01,7.960307879041760293e-01,1.113613112732947386e-03,8.724555641326291466e-01,8.516621766940275506e-01,2.079338743860159600e-02,9.054604517666970942e-01,9.010565406324479998e-01,4.403911134249094417e-03,1.083160507497881175e-01,1.050257527282719705e-01,3.290298021516147031e-03,9.307792361903962641e-01,9.307792361903962641e-01,0.000000000000000000e+00
1.690000000000000000e+02,7.915159137569540704e-01,7.901052778124638687e-01,1.410635944490201688e-03,8.592803107842156285e-01,8.380921490165239573e-01,2.118816176769167114e-02,9.019968070735446819e-01,8.974563842950690207e-01,4.540422778475661225e-03,1.104808933165906115e-01,1.073511064826051520e-01,3.129786833985459538e-03,9.300749089494397825e-01,9.300749089494397825e-01,0.000000000000000000e+00
1.700000000000000000e+02,8.001287146274480566e-01,7.978072216770805136e-01,2.321492950367542996e-03,8.501045822224542192e-01,8.287371304832272800e-01,2.136745173922693919e-02,9.191117250380426151e-01,9.143947248885035961e-01,4.717000149539019027e-03,1.189830104105945585e-01,1.165875032114230825e-01,2.395507199171476032e-03,9.497813524999793033e-01,9.497813524999793033e-01,0.000000000000000000e+00
1.710000000000000000e+02,7.990579756490773233e-01,7.970056237472556981e-01,2.052351901821625191e-03,8.507087105902237933e-01,8.299212150264384524e-01,2.078749556378534091e-02,9.171089032397037322e-01,9.125344863067705869e-01,4.574416932933145219e-03,1.180509275906264088e-01,1.155288625595148888e-01,2.522065031111520028e-03,9.475756279832249218e-01,9.475756279832249218e-01,0.000000000000000000e+00
1.720000000000000000e+02,7.997775417191389513e-01,7.978579922356684451e-01,1.919549483470506246e-03,8.502966299701603115e-01,8.298817726115143012e-01,2.041485735864601025e-02,9.184569987464111795e-01,9.139565799798238244e-01,4.500418766587355179e-03,1.186794570272722282e-01,1.160985877441553793e-01,2.580869283116848933e-03,9.490614466683268136e-01,9.490614466683268136e-01,0.000000000000000000e+00
1.730000000000000000e+02,8.036879224213530071e-01,8.018309267374427174e-01,1.856995683910289685e-03,8.505704618948152218e-01,8.304175478219039119e-01,2.015291407291130987e-02,9.247304319426191688e-01,9.202594269726703802e-01,4.471004969948788599e-03,1.210425095212661617e-01,1.184285002352276628e-01,2.614009286038498914e-03,9.554817338380745539e-01,9.554817338380745539e-01,0.000000000000000000e+00
1.740000000000000000e+02,8.071395897102086048e-01,8.053802499753420774e-01,1.759339734866527394e-03,8.531692146320378756e-01,8.332086276789211210e-01,1.996058695311675457e-02,9.292728197874068341e-01,9.248368226145566862e-01,4.435997172850147940e-03,1.221332300771982293e-01,1.194565726392146088e-01,2.676657437983620547e-03,9.595833054106156501e-01,9.595833054106156501e-01,0.000000000000000000e+00
1.750000000000000000e+02,8.063189918175062143e-01,8.046725956553429926e-01,1.646396162163221710e-03,8.564968060459844379e-01,8.366391160977634245e-01,1.985768994822101341e-02,9.264875883239889198e-01,9.221051559836519473e-01,4.382432340336972487e-03,1.201685965064827055e-01,1.174325603283089547e-01,2.736036178173750777e-03,9.559547806846534490e-01,9.559547806846534490e-01,0.000000000000000000e+00
1.760000000000000000e+02,8.139824692546859808e-01,8.123174064165473718e-01,1.665062838138609003e-03,8.573963896647776028e-01,8.375678893531618430e-01,1.982850031161575988e-02,9.387151277358852797e-01,9.342861411281588868e-01,4.428986607726392855e-03,1.247326584811992989e-01,1.219687347116115150e-01,2.763923769587783852e-03,9.683657300698063075e-01,9.683657300698063075e-01,0.000000000000000000e+00
1.770000000000000000e+02,8.220055366649509088e-01,8.204421017085483658e-01,1.563434956402542930e-03,8.627347663145317203e-01,8.429035033287529677e-01,1.983126298577875257e-02,9.497042048109208823e-01,9.452507292524449101e-01,4.453475558475972207e-03,1.276986681459699735e-01,1.248086275438965442e-01,2.890040602073429277e-03,9.784735722564934512e-01,9.784735722564934512e-01,0.000000000000000000e+00
1.780000000000000000e+02,8.289744153011524563e-01,8.275032118776329826e-01,1.471203423519473752e-03,8.702957722580563216e-01,8.503360144739173787e-01,1.995975778413894286e-02,9.579857656630464957e-01,9.535037239037207346e-01,4.482041759325761099e-03,1.290113503618940394e-01,1.260005120260877520e-01,3.010838335806287347e-03,9.852667604591786032e-01,9.852667604591786032e-01,0.000000000000000000e+00
1.790000000000000000e+02,8.352494990730795488e-01,8.338305622558548347e-01,1.418936817224714098e-03,8.781165741615886144e-01,8.579254170209685837e-01,2.019115714062003075e-02,9.650025860021108626e-01,9.604759411750866116e-01,4.526644827024250972e-03,1.297530869290313138e-01,1.266453789192317769e-01,3.107708009799536875e-03,9.906903662482560158e-01,9.906903662482560158e-01,0.000000000000000000e+00
1.800000000000000000e+02,8.405253097004894425e-01,8.391216212498170401e-01,1.403688450672402332e-03,8.855900492330256446e-01,8.651028459174459062e-01,2.048720331557973839e-02,9.705085566992006640e-01,9.659280556916048921e-01,4.580501007595771945e-03,1.299832469987112216e-01,1.268064344417878520e-01,3.176812556923369613e-03,9.946376695086004416e-01,9.946376695086004416e-01,0.000000000000000000e+00
1.810000000000000000e+02,8.389766935727714925e-01,8.375090611626242465e-01,1.467632410147245992e-03,8.922529869794539881e-01,8.714418580051040975e-01,2.081112897434989062e-02,9.649689468794343528e-01,9.603767740286519583e-01,4.592172850782394455e-03,1.259922533066628603e-01,1.228677128660277118e-01,3.124540440635148464e-03,9.874631580489294791e-01,9.874631580489294791e-01,0.000000000000000000e+00
1.820000000000000000e+02,8.452052897800812481e-01,8.437207432146646147e-01,1.484546565416633435e-03,8.939971026959593337e-01,8.729594275202144926e-01,2.103767517574484103e-02,9.746100341509794651e-01,9.699302429040747020e-01,4.679791246904763113e-03,1.294047443708982170e-01,1.262094996894100873e-01,3.195244681488129679e-03,9.969354061360851116e-01,9.969354061360851116e-01,0.000000000000000000e+00
1.830000000000000000e+02,8.356670430905629443e-01,8.340468115664542159e-01,1.620231524108728394e-03,8.989108376312930915e-01,8.776074590565855482e-01,2.130337857470754326e-02,9.564915781431247987e-01,9.518658887172521954e-01,4.625689425872603344e-03,1.208245350525618544e-01,1.178190771507979795e-01,3.005457901763874951e-03,9.773185342393072572e-01,9.773185342393072572e-01,0.000000000000000000e+00
1.840000000000000000e+02,8.334639170695073984e-01,8.317575918996229500e-01,1.706325169884448378e-03,8.945601151446290755e-01,8.732178197175141099e-01,2.134229542711496563e-02,9.547370206401568637e-01,9.500885846823200476e-01,4.648435957836816179e-03,1.212731035706494653e-01,1.183309927826970975e-01,2.942110787952367801e-03,9.764828950278895414e-01,9.764828950278895414e-01,0.000000000000000000e+00
1.850000000000000000e+02,8.251750087056543004e-01,8.234272793658863332e-01,1.747729339767967183e-03,8.912638085915592923e-01,8.699513626808166311e-01,2.131244591074266115e-02,9.424492587737235416e-01,9.378500178229617346e-01,4.599240950761807056e-03,1.172742500680692412e-01,1.144227384570754014e-01,2.851511610993839874e-03,9.646347694561883124e-01,9.646347694561883124e-01,0.000000000000000000e+00
1.860000000000000000e+02,8.280738956200157652e-01,8.262647357059824671e-01,1.809159914033298122e-03,8.844276662765299113e-01,8.632315124500939962e-01,2.119615382643591506e-02,9.502263826078460873e-01,9.455787433354297944e-01,4.647639272416292933e-03,1.221524869878303221e-01,1.193140076294473273e-01,2.838479358382994810e-03,9.741097982357099783e-01,9.741097982357099783e-01,0.000000000000000000e+00
1.870000000000000000e+02,8.220415771445253039e-01,8.202665745411793496e-01,1.775002603345954277e-03,8.834217083259194858e-01,8.623386849148315658e-01,2.108302341108792000e-02,9.406827469579890355e-01,9.361013197753573767e-01,4.581427182631658823e-03,1.186411698134637316e-01,1.158347452341780270e-01,2.806424579285704546e-03,9.645481370946500377e-01,9.645481370946500377e-01,0.000000000000000000e+00
1.880000000000000000e+02,8.294166775692397575e-01,8.276471626870646192e-01,1.769514882175138304e-03,8.790445149980128381e-01,8.580909231289676198e-01,2.095359186904521831e-02,9.548448340196409312e-01,9.502000215621805301e-01,4.644812457460401056e-03,1.254281564504011737e-01,1.225528588751159109e-01,2.875297575285262752e-03,9.800529772888718627e-01,9.800529772888718627e-01,0.000000000000000000e+00
1.890000000000000000e+02,8.346049711388986436e-01,8.329327956634926533e-01,1.672175475405990319e-03,8.820638418438329076e-01,8.611527849016570313e-01,2.091105694217587629e-02,9.621755940441613086e-01,9.575208571050847217e-01,4.654736939076586921e-03,1.275706229052626650e-01,1.245880614415920684e-01,2.982561463670596602e-03,9.868930555047842335e-01,9.868930555047842335e-01,0.000000000000000000e+00
1.900000000000000000e+02,8.269224361643259247e-01,8.252326019354254694e-01,1.689834228900455315e-03,8.868051874207819596e-01,8.658234784375113957e-01,2.098170898327056388e-02,9.472722343399410105e-01,9.426987840017990727e-01,4.573450338141937799e-03,1.203497981756150859e-01,1.174661820663736034e-01,2.883616109241482484e-03,9.705546124189754487e-01,9.705546124189754487e-01,0.000000000000000000e+00
1.910000000000000000e+02,8.285056211748185184e-01,8.267919398649399287e-01,1.713681309878589687e-03,8.836654657514384503e-01,8.627218885293990169e-01,2.094357722203943339e-02,9.512805230235501508e-01,9.466797020369590587e-01,4.600820986591092066e-03,1.227749018487316324e-01,1.198877621720191300e-01,2.887139676712502379e-03,9.753603910142872868e-01,9.753603910142872868e-01,0.000000000000000000e+00
1.920000000000000000e+02,8.320216528506391152e-01,8.303425667496995288e-01,1.679086100939586323e-03,8.833880607157285070e-01,8.624737817581071830e-01,2.091427895762132394e-02,9.572711193291019161e-01,9.526463983496090693e-01,4.624720979492846773e-03,1.252494664784628009e-01,1.223038315999095405e-01,2.945634878553260450e-03,9.815649178715918355e-01,9.815649178715918355e-01,0.000000000000000000e+00
1.930000000000000000e+02,8.391745771737753046e-01,8.375703986464951845e-01,1.604178527280120115e-03,8.856238495545357692e-01,8.646762938134822107e-01,2.094755574105355844e-02,9.682365813741893312e-01,9.635633118740029035e-01,4.673269500186427727e-03,1.290620042004140267e-01,1.259929132275077190e-01,3.069090972906307613e-03,9.923015525990018793e-01,9.923015525990018793e-01,0.000000000000000000e+00
1.940000000000000000e+02,8.377024633710524748e-01,8.360935690389948993e-01,1.608894332057575483e-03,8.913608377355739520e-01,8.702611829800305232e-01,2.109965475554342884e-02,9.632334146338942249e-01,9.585806414879246562e-01,4.652773145969568702e-03,1.255309512628417501e-01,1.224870724489297569e-01,3.043878813911993220e-03,9.858864968547571550e-01,9.858864968547571550e-01,0.000000000000000000e+00
1.950000000000000000e+02,8.480517834640733943e-01,8.465014747998007572e-01,1.550308664272637138e-03,8.927678850993995274e-01,8.715625236015743793e-01,2.120536149782514812e-02,9.799062233204176575e-01,9.751565417114207435e-01,4.749681608996914051e-03,1.318544398563442632e-01,1.286550669116199863e-01,3.199372944724276913e-03,1.002631713494577026e+00,1.002631713494577026e+00,0.000000000000000000e+00
1.960000000000000000e+02,8.487013774483379569e-01,8.471566204779646947e-01,1.544756970373262206e-03,9.003024867006564902e-01,8.788506442197805413e-01,2.145184248087594892e-02,9.776657110110698046e-01,9.729117825742469305e-01,4.753928436822874026e-03,1.289643335627318477e-01,1.257551620962822359e-01,3.209171466449611820e-03,9.986414190594659068e-01,9.986414190594659068e-01,0.000000000000000000e+00
1.970000000000000000e+02,8.572526773240563003e-01,8.557209687170015400e-01,1.531708607054760307e-03,9.038977726135427604e-01,8.822239736321758619e-01,2.167379898136689853e-02,9.903510690019065033e-01,9.855046870378678658e-01,4.846381964038637413e-03,1.330983916778502030e-01,1.297837183208663259e-01,3.314673356983877106e-03,1.010784365709906929e+00,1.010784365709906929e+00,0.000000000000000000e+00
1.980000000000000000e+02,8.616842653890866011e-01,8.601595787581447494e-01,1.524686630941851639e-03,9.111264653853465845e-01,8.891561159305678697e-01,2.197034945477871482e-02,9.945615152235088852e-01,9.896668095223486450e-01,4.894705701160240174e-03,1.328772498344222841e-01,1.295072307642038956e-01,3.370019070218388535e-03,1.013448710335697278e+00,1.013448710335697278e+00,0.000000000000000000e+00
1.990000000000000000e+02,8.701706627272848271e-01,8.686640777514065270e-01,1.506584975878300092e-03,9.171274053780185120e-01,8.948464550245450733e-01,2.228095035347343877e-02,1.006097177099910311e+00,1.001108187925774828e+00,4.988989174135483040e-03,1.359265143726254843e-01,1.324441101743683014e-01,3.482404198257182948e-03,1.023844017982786792e+00,1.023844017982786792e+00,0.000000000000000000e+00
